"","COUNTRY","ISO3","CPI_SCORE_2017","CPI_RANK_2017","N_SOURCES_2017","STD_ERROR_2017","ID","WEBNAME","WORLD_RANK","REGION_RANK","HERITAGE_INDEX_2017","PROPERTY_RIGHTS","JUDICAL_EFFECTIVENESS","GOVERNMENT_INTEGRITY","TAX_BURDEN","GOV_SPENDING","FISCAL_HEALTH","BUSINESS_FREEDOM","LABOR_FREEDOM","MONETARY_FREEDOM","TRADE_FREEDOM","INVESTMENT_FREEDOM","FINANCIAL_FREEDOM","TARIFF_RATE_PRCT","INCOME_TAX_RATE_PRCT","CORPORATE_TAX_RATE_PRCT","TAX_BURDEN_OF_GDP","GOV_EXPENDITURE_OF_GDP","POPULATION","GDP_PPP","GDP_GROWTH_RATE_PRCT","FIVE_YEAR_GDP_GROWTH_RATE_PRCT","GDP_PER_CAPITA_PPP","UNEMPLOYMENT_PRCT","INFLATION_PRCT","FDI_INFLOW","PUBLIC_DEBT_PRCT_OF_GDP","GOV_EXPENDITURE_EDUC_PRCT_OF_GDP","TEENS_OUT_OF_SCHOOL_PRCT","CHILDREN_OUT_OF_SCHOOL_PRCT","GINI_INDEX","LITERACY_RATE_YOUTH","LITERACY_RATE_ADULT","LIFE_EXPECTANCY","POP_AGES_0TO14_PRCT","POP_AGES_15TO64_PRCT","POP_AGES_65_AND_ABOVE_PRCT","team_size","problem1","problem2","problem3","problem4","problem5","problem6","total","rank","gold_medals","silver_medals","bronze_medals","honourable_mentions","REGION","GDP_PER_CAPITA_QUANTILE","factor(GDP_PER_CAPITA_QUANTILE)","DUMMY_CPI","DUMMY_CPI_ORDERED","log_GDP_PPP","log_GDP_PER_CAPITA_PPP"
"1","Denmark","DNK",0.88,2,8,2.75,"45","Denmark",18,9,0.7505180722,0.867167085,0.6846546311,0.8491850963,0.372094,0.05730401866,0.954048399,0.939,0.8581577922,0.8548058439,0.8698,0.9,0.8,0.015,0.56,0.235,50.9,55.65932367,5600000,2.587e+11,0.012,0.007,45709.4,0.063,0.005,3641500000,0.456,0.0775243997573853,0.00545499980449677,0.00202209994196892,28.7,99.7508697509766,99.3642578125,81.1024390243903,0.164916924766681,0.638488146240044,0.196594928993276,6,41,5,0,27,4,0,77,65,0,0,1,5,"Europe","(4.36e+04,9.9e+04]","(4.36e+04,9.9e+04]",1,3,26.2789349261384,10.7300592450091
"2","New Zealand","NZL",0.89,1,8,2.4,"120","NewZealand",3,3,0.837456102,0.9612604882,0.8846153846,0.8986956834,0.707724,0.4649257966,0.9779135465,0.918,0.8616695454,0.9010687793,0.8736,0.8,0.8,0.013,0.33,0.28,32.4,41.94218454,4600000,1.682e+11,0.034,0.025,36171.6,0.059,0.003,-985800000,0.304,0.0625973987579346,0.0195666003227234,0.00368680000305176,27.5,98.6015014648438,96.1424331665039,81.6585365853659,0.197161696406279,0.649543793175464,0.153294510418257,6,42,8,0,42,2,0,94,46,0,0,3,3,"Asia-Pacific","(2.11e+04,8.53e+04]","(2.11e+04,8.53e+04]",1,3,25.8484195844853,10.4960295595221
"3","Finland","FIN",0.85,3,8,2.84,"57","Finland",24,13,0.7398678112,0.9056027165,0.8273809524,0.9003389831,0.666155,0,0.7725382513,0.902,0.5335955502,0.851002281,0.8698,0.85,0.8,0.015,0.318,0.2,43.9,58.466,5500000,2.25e+11,0.004,0,41120,0.096,-0.002,8289600000,0.624,0.0636311006546021,0.00474689990282059,0.0115208995342255,27.4,99.7508697509766,99.3642578125,81.6317073170732,0.162511650912268,0.624700823080137,0.212787526007594,6,40,4,0,10,1,1,56,84,0,0,0,6,"Europe","(2.84e+04,4.36e+04]","(2.84e+04,4.36e+04]",1,3,26.1393662391508,10.624249900129
"4","Singapore","SGP",0.84,6,9,2.26,"147","Singapore",2,2,0.8858000702,0.9709988066,0.9149659864,0.8791110657,0.904744,0.90106432,0.806978048,0.951,0.9077490371,0.8429895788,0.9,0.85,0.8,0,0.22,0.17,13.4,20.29,5500000,4.719e+11,0.02,0.04,85253.2,0.033,-0.005,65262400000,0.982,0.0276826000213623,0.00064630001783371,0.000308100003749132,27.5,99.9304428100586,97.2022171020508,83.0951219512195,0.122124560773127,0.772076444440396,0.105798994786478,6,42,26,0,37,22,4,131,7,2,1,2,1,"Asia-Pacific","(2.11e+04,8.53e+04]","(2.11e+04,8.53e+04]",1,3,26.8800329356788,11.3533809310982
"5","Sweden","SWE",0.84,6,8,2.27,"157","Sweden",19,10,0.7491320705,0.8856108979,0.8218210361,0.8736065615,0.444371,0.2174543867,0.9339689987,0.908,0.5321890464,0.8527629185,0.8698,0.85,0.8,0.015,0.57,0.22,42.7,49.265,9800000,4.734e+11,0.041,0.02,47922.2,0.074,0.007,12579400000,0.441,0.0756883001327515,0.00801060020923615,0.00275759994983673,28.8,99.7508697509766,99.3642578125,82.409756097561,0.17495166026983,0.625134176068078,0.199914163662092,6,42,13,0,27,8,1,91,51,0,1,2,3,"Europe","(4.36e+04,9.9e+04]","(4.36e+04,9.9e+04]",1,3,26.8832065340263,10.7773341415853
"6","Switzerland","CHE",0.85,3,7,1.71,"158","Switzerland",4,1,0.8145214811,0.8693010138,0.7762951334,0.803,0.708959,0.6748557435,0.9578139623,0.768,0.7219747987,0.8440581213,0.9,0.85,0.9,0,0.115,0.085,27.1,32.971,8200000,4.823e+11,0.009,0.015,58551.5,0.043,-0.011,6.8838e+10,0.456,0.049515700340271,0.0148403000831604,0.00146380007266998,32.7,99.7508697509766,99.3642578125,83.5512195121951,0.148724946793942,0.666966381907622,0.184308671298436,6,42,9,0,22,10,0,83,58,0,0,1,5,"Europe","(4.36e+04,9.9e+04]","(4.36e+04,9.9e+04]",1,3,26.9018321640213,10.9776619878266
"7","Norway","NOR",0.85,3,8,1.83,"124","Norway",25,14,0.7397225605,0.8667441746,0.8334641549,0.8833960997,0.556,0.3853239325,0.9843860104,0.895,0.4882210401,0.7575353134,0.8766,0.75,0.6,0.012,0.478,0.25,39.1,47.652,5200000,3.562e+11,0.016,0.017,68430.2,0.042,0.022,-4238600000,0.279,0.0791198015213013,0.00801060020923615,0.000399900004267693,27,99.7508697509766,99.3642578125,82.609756097561,0.176700981019673,0.654949298815821,0.168349720164506,6,38,11,0,17,5,0,71,72,0,0,2,3,"Europe","(4.36e+04,9.9e+04]","(4.36e+04,9.9e+04]",1,3,26.598758207802,11.133569526637
"8","Netherlands","NLD",0.82,8,8,2.23,"119","Netherlands",15,7,0.75799494,0.8735156615,0.6985871272,0.8573636319,0.532411,0.3697872307,0.8300227842,0.802,0.7048917956,0.8575600494,0.8698,0.9,0.8,0.015,0.52,0.25,36.7,44.85511453,16900000,8.326e+11,0.019,0.006,49165.8,0.061,0.002,72648800000,0.676,0.0517509984970093,0.0185764002799988,0.00971459984779358,28.5,99.7508697509766,99.3642578125,81.7609756097561,0.163531299843661,0.6485473799459,0.187921320210439,6,41,21,0,39,15,0,116,18,1,2,1,1,"Europe","(4.36e+04,9.9e+04]","(4.36e+04,9.9e+04]",1,3,27.4478191717073,10.8029535388199
"9","Germany","DEU",0.81,12,8,1.87,"62","Germany",26,15,0.7380448813,0.82910546,0.7954604919,0.7773933465,0.61909,0.4135554491,0.8991941995,0.866,0.4283003849,0.8586392436,0.8698,0.8,0.7,0.015,0.45,0.158,36.1,43.95316165,81400000,3.8406e+12,0.015,0.016,46893.2,0.046,0.001,31719300000,0.71,0.0488274002075195,0.0471584987640381,0.00529299974441528,28.8,99.7508697509766,99.3642578125,80.9926829268293,0.134506883625113,0.65177823589612,0.213714880478767,6,41,16,0,34,15,0,106,33,0,1,3,2,"Europe","(4.36e+04,9.9e+04]","(4.36e+04,9.9e+04]",1,3,28.9766497203224,10.7556279545834
"10","Luxembourg","LUX",0.82,8,6,2.08,"99","Luxembourg",14,6,0.7593921527,0.8577108093,0.7703427525,0.783,0.645,0.4603929573,0.9904995595,0.686,0.4381736584,0.8617860952,0.8698,0.95,0.8,0.015,0.42,0.19,37.8,41.54415221,6e+05,5.57e+10,0.045,0.029,98987.2,0.059,0.001,24595800000,0.218,0.0356959009170532,0.0575457000732422,0.0056809002161026,34.5,99.7508697509766,99.3642578125,82.0951219512195,0.160651112500211,0.698281833386832,0.141067054112956,6,27,1,0,15,2,0,45,89,0,0,1,1,"Europe","(4.36e+04,9.9e+04]","(4.36e+04,9.9e+04]",1,3,24.7432459838796,11.5027458278284
"11","Australia","AUS",0.77,13,9,1.4,"7","Australia",5,4,0.8101579706,0.8171332521,0.9294217687,0.7481172512,0.631875,0.589884392,0.8456069596,0.893,0.8408375734,0.8640194498,0.862,0.8,0.9,0.019,0.45,0.3,27.5,37.249,23900000,1.1381e+12,0.025,0.027,47389.1,0.063,0.015,22264500000,0.368,0.0512790012359619,0.0188276994228363,0.00318250000476837,27.5,98.6015014648438,96.1424331665039,82.5,0.190650374095674,0.655309417025767,0.154040208878559,6,42,10,8,31,11,1,103,34,0,3,2,1,"Asia-Pacific","(2.11e+04,8.53e+04]","(2.11e+04,8.53e+04]",1,3,27.7603813212343,10.7661475234329
"12","Canada","CAN",0.82,8,8,1.49,"29","Canada",7,1,0.7850749921,0.8834391378,0.8080193616,0.8164614458,0.774,0.52320264,0.8032741031,0.819,0.7311493634,0.778153853,0.8842,0.8,0.8,0.008,0.33,0.15,30.8,40.297,35900000,1.6319e+12,0.012,0.022,45552.6,0.069,0.011,48642800000,0.915,0.0448583984375,0.0265003006160259,0.00117499999701977,33.3,98.970630645752,97.5090026855469,81.9,0.158700368165769,0.6728747162393,0.168424915594931,6,42,22,0,37,1,8,110,29,1,2,2,1,"Americas","(1.85e+04,4.56e+04]","(1.85e+04,4.56e+04]",1,3,28.1207660960833,10.7266229811908
"13","United Kingdom","GBR",0.82,8,8,1.7,"174","UnitedKingdom",12,4,0.7643171376,0.9383076819,0.9302066981,0.7828630787,0.651224,0.4193024312,0.4035958701,0.899,0.7275369587,0.849968933,0.8698,0.9,0.8,0.015,0.45,0.2,32.6,43.20104685,64900000,2.6793e+12,0.022,0.021,41158.9,0.055,0.001,39532800000,0.893,0.0544418001174927,0.00127790004014969,0.00430370002985001,35.1,99.7508697509766,99.3642578125,81.2560975609756,0.1763500937043,0.640738555899797,0.182911350395904,6,42,17,5,42,8,16,130,9,3,0,2,1,"Europe","(2.84e+04,4.36e+04]","(2.84e+04,4.36e+04]",1,3,28.6165766823044,10.6251954646152
"14","Austria","AUT",0.75,16,8,1.17,"8","Austria",30,17,0.7226575917,0.8602104402,0.8178309785,0.752466717,0.5026,0.1929339199,0.7965989235,0.769,0.6762992912,0.8341508298,0.8698,0.9,0.7,0.015,0.5,0.25,43,51.939,8600000,4.043e+11,0.009,0.01,47249.9,0.057,0.008,3837400000,0.862,0.053718900680542,0.00155849993228912,0.00045719999819994,29.7,99.7508697509766,99.3642578125,81.6439024390244,0.142309193719975,0.66812507305921,0.189565733220815,6,40,5,0,15,14,0,74,70,0,2,0,2,"Europe","(4.36e+04,9.9e+04]","(4.36e+04,9.9e+04]",1,3,26.7254230135931,10.7632058165175
"15","Belgium","BEL",0.75,16,8,1.63,"15","Belgium",49,25,0.6784695432,0.8333004232,0.6928963893,0.7149449917,0.441291,0.09647763187,0.662829056,0.82,0.6109276933,0.8491673333,0.8698,0.85,0.7,0.015,0.5,0.33,44.7,53.944,11200000,4.941e+11,0.014,0.009,43585,0.087,0.006,31029500000,1.063,0.0642534017562866,0.0138068997859955,0.0027590000629425,27.4,99.7508697509766,99.3642578125,81.4926829268293,0.170364792638156,0.643794416479243,0.185840790882601,6,39,14,0,23,3,1,80,62,0,1,2,2,"Europe","(2.84e+04,4.36e+04]","(2.84e+04,4.36e+04]",1,3,26.9260037627981,10.6824683334457
"16","Estonia","EST",0.71,21,10,2.21,"54","Estonia",6,2,0.7905707917,0.8260703477,0.8279696494,0.6992252855,0.811759,0.5577241552,0.9979480672,0.77,0.5690068831,0.8573461129,0.8698,0.9,0.8,0.015,0.2,0.2,32.9,38.949,1300000,3.75e+10,0.011,0.037,28591.8,0.059,0.001,207700000,0.101,0.0495629978179932,0.0131356000900269,0.0243253993988037,30.4,99.7508697509766,99.3642578125,78.0926829268293,0.162218904190573,0.64464942132349,0.193131674485937,6,40,14,0,16,2,0,72,71,0,1,0,4,"Europe","(2.84e+04,4.36e+04]","(2.84e+04,4.36e+04]",1,3,24.3476067699228,10.2608752424111
"17","Iceland","ISL",0.77,13,7,4.38,"73","Iceland",22,12,0.7438675108,0.8501479417,0.7149398221,0.715,0.709107,0.411350456,0.9061996926,0.902,0.6257219073,0.8119433098,0.88,0.8,0.6,0.01,0.318,0.2,38.7,43.597,3e+05,1.52e+10,0.04,0.027,46097,0.044,0.016,-76200000,0.676,0.0758385992050171,0.00482520014047623,0.000476499982178211,26.1,99.7508697509766,99.3642578125,82.6609756097561,0.199896528934517,0.655848059020374,0.144255412045109,6,31,5,0,9,0,0,45,89,0,0,0,3,"Europe","(4.36e+04,9.9e+04]","(4.36e+04,9.9e+04]",1,3,23.4445612647986,10.7385031509453
"18","Japan","JPN",0.73,20,9,2.66,"82","Japan",40,10,0.6957872496,0.8936105165,0.7378990058,0.8605609107,0.684606,0.5230591104,0.09527448889,0.823,0.7754576254,0.8297793376,0.8262,0.7,0.6,0.012,0.408,0.239,30.3,39.28,126700000,4.8301e+12,0.005,0.006,38054.2,0.033,0.008,-2.25e+09,2.481,0.046753101348877,0.00281529992818832,0.0228951001167297,27.5,98.6015014648438,96.1424331665039,84.099756097561,0.128143904375377,0.600761301376108,0.271094794248515,6,41,21,0,42,23,7,134,6,2,2,2,0,"Asia-Pacific","(2.11e+04,8.53e+04]","(2.11e+04,8.53e+04]",1,3,29.2058882873125,10.5467667382758
"19","Ireland","IRL",0.74,19,7,3.68,"78","Ireland",9,3,0.7674306494,0.858,0.7830978545,0.783,0.726874,0.5708758809,0.6027689876,0.803,0.7357084592,0.8760426104,0.8698,0.9,0.7,0.015,0.41,0.125,29.9,35.1557269,4600000,2.574e+11,0.078,0.034,55532.9,0.095,0,100542400000,0.787,0.0346884989738464,0.00492410004138947,0.00028659999370575,31.4,99.7508697509766,99.3642578125,82.1560975609756,0.216032763908872,0.64890068519016,0.135066550900967,6,36,8,0,34,2,0,80,62,0,0,2,4,"Europe","(4.36e+04,9.9e+04]","(4.36e+04,9.9e+04]",1,3,26.2738971321084,10.9247309168951
"20","Uruguay","URY",0.7,23,7,2.67,"176","Uruguay",38,5,0.6967034341,0.7017546935,0.6681057038,0.703246932,0.775139,0.6938934253,0.7715582371,0.748,0.6291527132,0.7131905041,0.8064,0.85,0.3,0.047,0.3,0.25,26.9,31.837,3400000,7.35e+10,0.015,0.037,21506.5,0.073,0.087,1647200000,0.618,0.0448583984375,0.00261339992284775,0.00305489987134933,39.5,98.9326019287109,98.61572265625,77.632,0.207770319914125,0.645227418284307,0.147002261801567,6,37,0,0,6,0,0,43,92,0,0,0,3,"Americas","(1.85e+04,4.56e+04]","(1.85e+04,4.56e+04]",1,3,25.0205512431652,9.97611049400598
"21","France","FRA",0.7,23,8,1.36,"58","France",72,32,0.6330015129,0.85,0.7265829409,0.6969527821,0.475547,0.02032326347,0.5703698023,0.78,0.4408969638,0.8155454017,0.8198,0.7,0.7,0.015,0.45,0.343,45.2,56.877,64200000,2.6469e+12,0.011,0.008,41180.7,0.106,0.001,42882600000,0.968,0.0545160007476807,0.0115230000019073,0.000584000013768673,31.6,99.7508697509766,99.3642578125,82.5756097560976,0.181098266879217,0.622211765433074,0.196689967687709,6,41,11,0,32,16,0,100,39,0,2,2,2,"Europe","(2.84e+04,4.36e+04]","(2.84e+04,4.36e+04]",1,3,28.6044102598426,10.6257249789803
"22","Bhutan","BTN",0.67,26,5,1.83,"18","Bhutan",107,21,0.58445013,0.601,0.5071951858,0.447,0.8306,0.7364589037,0.6171735449,0.726,0.7764894224,0.6714845036,0.6,0.2,0.3,0.1,0.25,0.3,13,25.076,8e+05,6.4e+09,0.077,0.071,8200.7,0.026,0.072,12100000,1.157,0.072257399559021,0.131072702407837,0.103008298873901,37.4,93.0906295776367,66.561149597168,71.129,0.262193805218338,0.678557009937457,0.059249184844205,6,42,18,0,32.5,0,0,85,57,0,0.5,2,3,"Asia-Pacific","(4.3e+03,1.06e+04]","(4.3e+03,1.06e+04]",0,3,22.579563827312,9.01197479546255
"23","Chile","CHL",0.67,26,9,2.03,"33","Chile",10,2,0.765476816,0.6823727886,0.6369047619,0.70486512,0.776,0.82241533,0.9611116902,0.723,0.6429243692,0.8217277317,0.8644,0.85,0.7,0.018,0.35,0.25,19.8,25.829,1.8e+07,4.224e+11,0.021,0.039,23459.6,0.064,0.043,20176200000,0.171,0.0541966009140015,0.0503872013092041,0.0226992011070251,44.4,99.008659362793,96.4022827148438,79.909,0.20024196501231,0.687839092508846,0.111918942478844,6,36,5,0,26,0,0,67,76,0,0,1,4,"Americas","(1.85e+04,4.56e+04]","(1.85e+04,4.56e+04]",0,3,26.7692185693385,10.0630350717637
"24","Seychelles","SYC",0.6,36,4,8.32,"145","Seychelles",85,7,0.6178966196,0.5520428877,0.4255625327,0.443,0.787944,0.6389326024,0.907275038,0.634,0.5590430343,0.7829593397,0.834,0.55,0.3,0.033,0.15,0.33,28.4,32.292,1e+05,2.4e+09,0.044,0.049,26276.7,0.108,0.04,194500000,0.681,0.0367728996276855,0.099448299407959,0.0275079011917114,36.8,95.3238220214844,87.0466690063477,74.3,0.234790184405401,0.690918708125039,0.0742911074695596,6,21,5,0,25,0,0,51,87,0,0,0,4,"Sub-Saharan Africa","(5.2e+03,3.18e+04]","(5.2e+03,3.18e+04]",0,3,21.5987345743003,10.1764378939376
"25","Barbados","BRB",0.68,25,3,3.24,"13","Barbados",130,24,0.5450150447,0.555,0.33,0.343,0.739924,0.3901577467,0,0.696,0.6769275177,0.8371712719,0.622,0.75,0.6,0.139,0.35,0.25,27.4,44.23,3e+05,4.6e+09,0.005,0.003,16574.8,0.123,0.005,254400000,1.03,0.0436638021469116,0.0181275999546051,0.0344861006736755,48.3,99.1400489807129,94.0242996215821,78.981,0.176402358925627,0.669488387042679,0.154109254031695,6,37,8.5,0,30.5,2,0,77.5,61,0,0.5,1.5,3,"Americas","(1.44e+04,1.85e+04]","(1.44e+04,1.85e+04]",0,3,22.2493221404415,9.71563874861626
"26","Bahamas","BHS",0.65,28,3,5.39,"10","Bahamas",90,19,0.6108174082,0.453,0.487,0.382,0.971439,0.8377521904,0.4226952247,0.685,0.7146822948,0.7704401883,0.5058,0.5,0.6,0.197,0,0,16.9,24.205,4e+05,9.2e+09,0.005,0.009,25166.6,0.144,0.019,384900000,0.657,0.0448583984375,0.0265003006160259,0.00432689994573593,41.1,98.970630645752,97.5090026855469,77.8905,0.206577675232784,0.660190410701863,0.110908006806371,6,36.5,4,0,16.5,0,0,55,84,0,0,0.5,1.5,"Americas","(1.85e+04,4.56e+04]","(1.85e+04,4.56e+04]",0,3,22.9424693210014,10.1332729975589
"27","Spain","ESP",0.57,42,8,3.78,"152","Spain",69,31,0.6357241859,0.7123302207,0.5392464678,0.5716212859,0.625,0.4137046624,0.2693194066,0.669,0.553172104,0.8554960834,0.8698,0.85,0.7,0.015,0.45,0.25,33.2,43.017,46400000,1.6151e+12,0.032,-0.001,34819.5,0.219,-0.005,9.243e+09,0.99,0.0420777988433838,0.00154420003294945,0.0253093004226685,34.7,99.7508697509766,99.3642578125,83.2829268292683,0.147033379846795,0.66150813288141,0.191458487271796,6,41,20,0,25,0,0,86,55,0,0,3,2,"Europe","(2.84e+04,4.36e+04]","(2.84e+04,4.36e+04]",0,3,28.1104179901909,10.4579328536556
"28","Korea, South","KOR",0.54,51,10,2.24,"88","SouthKorea",23,6,0.7425929307,0.7782910115,0.5992281528,0.6733513273,0.73652,0.6885299105,0.974162015,0.906,0.5698701889,0.8399625624,0.7952,0.65,0.7,0.052,0.35,0.22,24.6,32.92480743,50600000,1.8485e+12,0.026,0.03,36511,0.037,0.007,5.042e+09,0.359,0.046753101348877,0.0108214996755123,0.00368680000305176,27.5,98.6015014648438,96.1424331665039,81.6585365853659,0.197161696406279,0.655309417025767,0.105798994786478,6,41.5,17.5,0,39.5,13,2.5,108,29.5,0.5,2,2,1,"Asia-Pacific","(2.11e+04,8.53e+04]","(2.11e+04,8.53e+04]",0,3,28.2453956153231,10.5053688640308
"29","Portugal","PRT",0.63,29,8,2.56,"133","Portugal",77,33,0.6258351195,0.7327763219,0.6892333857,0.5901022432,0.598364,0.251089604,0.321440624,0.864,0.4340774724,0.8591377827,0.8698,0.7,0.6,0.015,0.48,0.21,34.4,48.248,10400000,2.898e+11,0.015,-0.009,27834.8,0.121,0.005,6030600000,1.288,0.050156102180481,0.00341670006513596,0.00617399990558624,33.8,99.7508697509766,96.1505279541016,81.4243902439025,0.136670779014333,0.647752200096282,0.215577020889385,6,39,19,0,28,3,0,89,54,0,0,2,2,"Europe","(1.91e+04,2.84e+04]","(1.91e+04,2.84e+04]",0,3,26.392456866833,10.2340423153933
"30","Botswana","BWA",0.61,34,7,2.74,"21","Botswana",34,2,0.701099595,0.5809339706,0.5397043433,0.5755232649,0.770764,0.6115671133,0.9936788543,0.688,0.6856338854,0.7793897082,0.838,0.65,0.7,0.006,0.25,0.22,34.4,39.746,2100000,3.48e+10,-0.003,0.046,16368.2,0.186,0.03,393600000,0.178,0.0709999990463257,0.099448299407959,0.0894307994842529,36.8,95.3238220214844,87.0466690063477,68.812,0.344388412211802,0.614743229270593,0.0408683585176048,6,8,1,0,10,0,0,19,98,0,0,0,1,"Sub-Saharan Africa","(5.2e+03,3.18e+04]","(5.2e+03,3.18e+04]",0,3,24.2728832237268,9.70309570708059
"31","Brunei Darussalam","BRN",0.62,32,3,8.72,"186","Brunei ",35,9,0.6977150953,0.625,0.399,0.409,0.856,0.612070712,0.9998095321,0.766,0.9036641981,0.7612367018,0.8908,0.65,0.5,0.005,0,0.185,33.1,40.416,4e+05,3.32e+10,-0.002,0,79587,0.019,-0.004,173200000,0.031,0.046753101348877,0.00183329999446869,0.00382999986410141,27.5,98.6015014648438,96.1424331665039,75.585,0.23495958517974,0.719362597856636,0.0456778169636231,6,41.5,17.5,0,39.5,13,2.5,108,29.5,0.5,2,2,1,"Asia-Pacific","(2.11e+04,8.53e+04]","(2.11e+04,8.53e+04]",0,3,24.2258157128689,11.284606041912
"32","Lithuania","LTU",0.59,38,9,2.21,"98","Lithuania",16,8,0.757817044,0.7297510519,0.6240188383,0.697,0.869151,0.6412878277,0.9357828177,0.791,0.6355952281,0.9004177641,0.8698,0.7,0.7,0.015,0.15,0.15,29.3,34.881,2900000,8.24e+10,0.016,0.036,28359.1,0.095,-0.007,863400000,0.425,0.0381220006942749,5.89000014588237e-05,0.0022545999288559,37.3,99.7508697509766,96.1505279541016,75.4804878048781,0.147274878102097,0.659715598503416,0.193009523394487,6,41,7,0,20,1,0,69,74,0,0,2,3,"Europe","(1.91e+04,2.84e+04]","(1.91e+04,2.84e+04]",0,3,25.1348512738618,10.2527032453047
"33","Slovenia","SVN",0.61,34,10,2.78,"149","Slovenia",97,38,0.5919619145,0.7504813489,0.5512820513,0.5362940719,0.587144,0.2858217375,0.06132547278,0.806,0.6019308247,0.8534634666,0.8698,0.7,0.5,0.015,0.5,0.17,36.6,44.114,2100000,6.4e+10,0.029,0.006,31007.4,0.093,-0.005,993300000,0.833,0.0478077983856201,0.00772059977054596,0.00182070001959801,24.2,99.7508697509766,99.3642578125,81.0292682926829,0.14902181377908,0.660745022380146,0.190233163840774,6,42,16,0,32,0,0,90,52,0,0,2,4,"Europe","(2.84e+04,4.36e+04]","(2.84e+04,4.36e+04]",0,3,24.8821489203061,10.3419811646581
"34","Cabo Verde","CPV",0.55,48,4,4.19,"30","CaboVerde",116,17,0.5694983064,0.4258089122,0.5015698587,0.418,0.7826,0.7074436048,0.01233706489,0.655,0.4324552875,0.8665649488,0.6822,0.75,0.6,0.109,0.35,0.25,18,29.934,5e+05,3.4e+09,0.018,0.019,6522,0.108,0.001,94900000,1.193,0.0518174982070923,0.133167400360107,0.0699468994140625,36.8,95.3238220214844,87.0466690063477,72.57,0.291831783560125,0.662843396626592,0.045324819813283,6,21,5,0,25,0,0,51,87,0,0,0,4,"Sub-Saharan Africa","(5.2e+03,3.18e+04]","(5.2e+03,3.18e+04]",0,3,21.9470412685685,8.78293635634926
"35","Costa Rica","CRI",0.59,38,7,2.98,"39","CostaRica",63,10,0.650305466,0.5164815088,0.5559916274,0.5536527118,0.794139,0.88486957,0.4238639387,0.681,0.538821166,0.8080460694,0.8468,0.7,0.5,0.027,0.25,0.3,23.1,19.955,4800000,7.49e+10,0.037,0.036,15482.3,0.086,0.008,2849600000,0.424,0.0706980991363525,0.0859512996673584,0.0324836993217468,48.3,99.1400489807129,94.0242996215821,79.914,0.215773722341662,0.691721175590723,0.0925051020676152,6,34,1,0,23,0,0,58,81,0,0,0,5,"Americas","(1.44e+04,1.85e+04]","(1.44e+04,1.85e+04]",0,3,25.0394197274696,9.64745271491835
"36","Cyprus","CYP",0.57,42,7,3.78,"43","Cyprus",48,24,0.6785093191,0.7544668561,0.607,0.536,0.730106,0.4883260395,0.7291036,0.758,0.5864500021,0.8328593318,0.8698,0.75,0.5,0.015,0.35,0.125,36.3,41.248,9e+05,2.81e+10,0.016,-0.018,32785.5,0.156,-0.015,4534100000,1.087,0.0575416994094849,0.00448379993438721,0.0134039998054504,31.4,99.7508697509766,99.3642578125,80.672,0.16836628300265,0.697480159840227,0.134153557157123,6,42,15,0,36,0,0,93,48,0,0,5,1,"Europe","(2.84e+04,4.36e+04]","(2.84e+04,4.36e+04]",0,3,24.0590354132861,10.3977416234584
"37","Latvia","LVA",0.58,40,9,3.21,"92","Latvia",20,11,0.7475486618,0.7256283679,0.597396651,0.673,0.847316,0.5744570619,0.9503534396,0.798,0.7200311804,0.8646012406,0.8698,0.75,0.6,0.015,0.23,0.15,27.8,37.717,2e+06,4.91e+10,0.027,0.037,24712.2,0.098,0.002,643500000,0.348,0.0437029981613159,0.0129531002044678,0.015161999464035,35.6,99.7508697509766,96.1505279541016,74.6292682926829,0.155762629946128,0.645904329718102,0.19833304033577,6,39,8,0,24,13,0,84,57,0,0,3,2,"Europe","(1.91e+04,2.84e+04]","(1.91e+04,2.84e+04]",0,3,24.6171248717469,10.1150523277997
"38","Georgia","GEO",0.56,46,6,3.1,"61","Georgia",13,5,0.7598508577,0.5511653872,0.6654892726,0.6497982947,0.873491,0.7437230504,0.935272544,0.872,0.7586403446,0.7822303992,0.8864,0.8,0.6,0.007,0.2,0.15,25.3,29.145,4500000,3.56e+10,0.028,0.049,9630,0.123,0.04,1350200000,0.412,0.0357442998886108,0.00198500007390976,0.00758960008621216,37.9,99.6408081054688,99.3642578125,73.414,0.195291210452424,0.657973525687527,0.146735263860049,6,42,22,0,42,18,3,127,12,1,2,3,0,"Europe","[5.01e+03,1.91e+04]","[5.01e+03,1.91e+04]",0,3,24.2956114748044,9.17263850479217
"39","Poland","POL",0.6,36,10,1.36,"132","Poland",45,21,0.6826446032,0.608,0.5801282051,0.5546105877,0.759739,0.4694046815,0.7607203091,0.678,0.614587868,0.8467445871,0.8698,0.75,0.7,0.015,0.32,0.19,31.9,41.631,3.8e+07,1.0054e+12,0.036,0.03,26455.3,0.074,-0.009,7489400000,0.513,0.045584602355957,0.0321270990371704,0.0260403990745544,29.7,99.7508697509766,96.1505279541016,77.7536585365854,0.148792802078772,0.681894244434854,0.169312953486375,6,39,23,0,42,9,2,115,22,1,0,5,0,"Europe","(1.91e+04,2.84e+04]","(1.91e+04,2.84e+04]",0,3,27.6364065882049,10.1832117952853
"40","Dominica","DMA",0.57,42,3,2.55,"47","Dominica",67,13,0.6365401657,0.438,0.677,0.409,0.731804,0.6745989064,0.7261266648,0.721,0.5903689135,0.8945835034,0.726,0.75,0.3,0.087,0.35,0.3,23.6,33.117,1e+05,8e+08,-0.043,-0.002,10788.1,0.049,-0.008,3.6e+07,0.824,0.047667498588562,0.0324194002151489,0.0265404009819031,46.6,99.156265258789,93.4897003173828,76.435,0.251883606321488,0.665595723777566,0.0800494549279586,6,38,2,0,20,1,0,66,78,0,0,1,2,"Americas","(8.61e+03,1.44e+04]","(8.61e+03,1.44e+04]",0,3,20.5001222856322,9.28619895377543
"41","Rwanda","RWA",0.55,48,6,6,"137","Rwanda",51,3,0.6755009036,0.643694791,0.6880559916,0.459,0.797799,0.773185496,0.8333311991,0.59,0.817920784,0.8002235815,0.7028,0.6,0.4,0.074,0.3,0.3,14.9,27.194,11400000,2.04e+10,0.069,0.07,1807,0.024,0.025,471200000,0.346,0.0312646007537842,0.292975902557373,0.023150999546051,44.3,71.1166152954102,51.8358001708985,68.341,0.401361293138338,0.570141076329353,0.0284976305323087,6,6,5,0,11,0,0,22,95,0,0,0,1,"Sub-Saharan Africa","(1.53e+03,2.54e+03]","(1.53e+03,2.54e+03]",0,3,23.7388007377966,7.49942329059223
"42","Italy","ITA",0.5,54,8,3.72,"80","Italy",79,34,0.6253385475,0.7460923083,0.5540947148,0.4468187693,0.549379,0.2232048555,0.669217904,0.698,0.5285430229,0.8689119948,0.8698,0.85,0.5,0.015,0.43,0.275,43.6,50.396,60200000,2.1709e+12,0.008,-0.007,35708.3,0.121,0.001,20278700000,1.326,0.0404493999481201,0.0165751004219055,0.0252175998687744,35.9,99.7508697509766,99.3642578125,82.9463414634147,0.134750705252017,0.640252405238968,0.224996889509015,6,42,22,0,34,18,0,116,18,2,1,1,2,"Europe","(2.84e+04,4.36e+04]","(2.84e+04,4.36e+04]",0,3,28.4061629440411,10.4831384337426
"43","Malta","MLT",0.56,46,5,1.18,"107","Malta",50,26,0.6768818306,0.6771127064,0.629447933,0.536,0.628264,0.4493517739,0.851041423,0.625,0.5717093016,0.8348548289,0.8698,0.85,0.6,0.015,0.35,0.35,35.6,43.336,4e+05,1.55e+10,0.063,0.038,36005,0.054,0.012,9.532e+09,0.64,0.0465162992477417,0.00624989986419678,0.00232629999518394,29.2,99.7508697509766,99.3642578125,82.3463414634146,0.142298022756906,0.658829090294634,0.19887288694846,6,41,15,0,32,2,0,90,52,0,0,2,2,"Europe","(2.84e+04,4.36e+04]","(2.84e+04,4.36e+04]",0,3,23.4641058608716,10.491413096683
"44","Mauritius","MUS",0.5,54,5,4.41,"109","Mauritius",21,1,0.7471040786,0.644,0.7258634223,0.443,0.920404,0.81459412,0.7488008806,0.782,0.6878410855,0.8113454352,0.8874,0.8,0.7,0.006,0.15,0.15,18.6,25.883,1300000,2.46e+10,0.034,0.035,19509.2,0.079,0.013,208300000,0.581,0.0502312994003296,0.0405397987365723,0.01100909948349,36.8,95.3238220214844,87.0466690063477,74.5146341463415,0.183573889738149,0.706909218591711,0.10951689167014,6,21,5,0,25,0,0,51,87,0,0,0,4,"Sub-Saharan Africa","(5.2e+03,3.18e+04]","(5.2e+03,3.18e+04]",0,3,23.9260122798847,9.87864142816343
"45","Malaysia","MYS",0.47,62,9,2.67,"104","Malaysia",27,7,0.7377889296,0.8530455697,0.6730115123,0.5182940158,0.853096,0.7873754104,0.7653012555,0.908,0.7305529629,0.8527904286,0.812,0.6,0.5,0.044,0.28,0.24,14.8,25.247,30800000,8.156e+11,0.05,0.053,26314.8,0.029,0.021,11121500000,0.574,0.046753101348877,0.131472797393799,0.00354360014200211,27.5,97.2725601196289,95.082649230957,75.828,0.243437909565021,0.692222570223111,0.064339520211868,6,40,17,0,42,2,0,101,37,0,2,2,2,"Asia-Pacific","(2.11e+04,8.53e+04]","(2.11e+04,8.53e+04]",0,3,27.4271898756467,10.177886797531
"46","Namibia","NAM",0.51,53,6,3.22,"117","Namibia",78,5,0.6254827704,0.5380210256,0.5064756672,0.413,0.652019,0.5556252493,0.6637889532,0.676,0.8438429623,0.7722203874,0.8348,0.65,0.4,0.008,0.37,0.34,30.9,39.569,2200000,2.53e+10,0.045,0.053,11408.2,0.255,0.034,1077800000,0.272,0.0975998020172119,0.0220289993286133,0.0141965997219086,36.8,95.3238220214844,87.0466690063477,63.021,0.368825367836037,0.594485716295414,0.0366889158685492,6,21,5,0,25,0,0,51,87,0,0,0,4,"Sub-Saharan Africa","(5.2e+03,3.18e+04]","(5.2e+03,3.18e+04]",0,3,23.9540702326799,9.3420876740572
"47","Greece","GRC",0.48,59,8,2.98,"64","Greece",127,43,0.5500132733,0.5251740853,0.5607666143,0.4133823336,0.611,0.05377803,0.5807626222,0.743,0.5102141915,0.7822814031,0.8198,0.6,0.4,0.015,0.42,0.29,35.9,55.480995,1.1e+07,2.86e+11,-0.002,-0.038,26448.7,0.249,-0.011,-289500000,1.784,0.0347220993041992,0.0366572999954224,0.0124924004077911,34.4,99.7508697509766,96.1505279541016,81.2878048780488,0.142048072510869,0.643958389509388,0.213993537979744,6,42,33,0,42,9,1,127,12,1,4,1,0,"Europe","(1.91e+04,2.84e+04]","(1.91e+04,2.84e+04]",0,3,26.3792576477663,10.1829622867402
"48","Armenia","ARM",0.35,107,6,3.79,"6","Armenia",33,19,0.7030601651,0.5546615487,0.4254971219,0.434,0.837175,0.816973,0.8292326877,0.785,0.7242785921,0.7277040308,0.8022,0.8,0.7,0.024,0.26,0.2,23.5,26.384,3300000,2.53e+10,0.03,0.043,8467.9,0.163,0.037,180500000,0.466,0.0270759010314941,0.0737140989303589,0.0616014003753662,33.6,99.8470230102539,99.7360687255859,74.797,0.204543887834485,0.684489663273217,0.110966448892298,6,41,18,0,38,2,0,99,41,0,2,2,1,"Europe","[5.01e+03,1.91e+04]","[5.01e+03,1.91e+04]",0,3,23.9540702326799,9.04403782302112
"49","Belarus","BLR",0.44,68,7,4.12,"14","Belarus",104,40,0.5858884863,0.509,0.563,0.376,0.8978,0.487144216,0.9282206307,0.713,0.7460704498,0.6042265397,0.8062,0.3,0.1,0.022,0.13,0.18,23,42.638,9400000,1.677e+11,-0.039,0.012,17654.2,0.061,0.135,1583900000,0.599,0.0479499006271362,0.0129166996479034,0.00857159972190857,25.4,99.7439155578614,99.5501632690429,74.1292682926829,0.167078878812592,0.687169869180976,0.145751252006432,6,40,23,1,42,16,0,122,14,1,1,4,0,"Europe","[5.01e+03,1.91e+04]","[5.01e+03,1.91e+04]",0,3,25.8454425057756,9.77872899439332
"50","Croatia","HRV",0.49,57,10,2.64,"41","Croatia",95,37,0.5938030965,0.6547507443,0.5679618001,0.4341148499,0.667504,0.3129026939,0.4466533684,0.582,0.4329887383,0.8027609636,0.874,0.75,0.6,0.013,0.4,0.2,36.4,47.577,4200000,9.11e+10,0.016,-0.004,21581.4,0.161,-0.005,173900000,0.877,0.0390566992759705,0.0338365995883941,0.0136378002166748,30.4,99.7508697509766,96.1505279541016,77.8268292682927,0.144380264493861,0.655395821564065,0.200223913942074,6,38,25,0,37,2,0,102,35,0,2,3,1,"Europe","(1.91e+04,2.84e+04]","(1.91e+04,2.84e+04]",0,3,25.2352236412123,9.97958711159199
"51","Cuba","CUB",0.47,62,5,2.36,"42","Cuba",178,31,0.3393759167,0.324,0.1,0.418,0.513311,0,0.812,0.2,0.2,0.66,0.6452,0.1,0.1,0.077,0.5,0.3,38.3,64.6,11200000,1.415e+11,0.043,0.028,12580,0.049,0.046,927300000,0.35,0.0457488512992859,0.0272835993766785,0.0431471014022827,46.6,99.156265258789,93.4897003173828,78.662,0.164062997442336,0.688156204984913,0.14778079757275,1,5,1,0,7,0,0,13,102,0,0,0,1,"Americas","(8.61e+03,1.44e+04]","(8.61e+03,1.44e+04]",0,3,25.6755655540297,9.43986353025443
"52","Montenegro","MNE",0.46,64,5,2.45,"114","Montenegro",83,35,0.6197850658,0.5795216038,0.5037284144,0.434,0.830919,0.330618644,0.4427674324,0.72,0.6738421522,0.8246235428,0.8474,0.75,0.5,0.026,0.09,0.09,39.1,47.984,6e+05,1e+10,0.041,0.02,16123.1,0.182,0.016,699100000,0.664,0.0390059006214142,0.0439209985733032,0.0277827000617981,33.2,99.7439155578614,99.5501632690429,76.667,0.182502792548318,0.672020179647302,0.14547702780438,4,21,4,0,10,7,0,42,93,0,0,1,2,"Europe","[5.01e+03,1.91e+04]","[5.01e+03,1.91e+04]",0,3,23.0258509299405,9.68800830526417
"53","Senegal","SEN",0.45,66,9,2.52,"143","Senegal",120,21,0.5592671705,0.4404880539,0.392530089,0.4205785903,0.709196,0.7431440159,0.5175066747,0.508,0.3889376093,0.860025013,0.7308,0.6,0.4,0.085,0.4,0.3,20.2,29.877,1.5e+07,3.67e+10,0.065,0.042,2451.3,0.093,0.001,345200000,0.568,0.0462496995925903,0.427799243927002,0.147093796730041,44.3,69.4784088134766,51.9004211425781,67.38,0.432363351125906,0.536891458819127,0.0307451900549666,6,6,5,0,11,0,0,22,95,0,0,0,1,"Sub-Saharan Africa","(1.53e+03,2.54e+03]","(1.53e+03,2.54e+03]",0,3,24.3260425920069,7.80437377505877
"54","Bulgaria","BGR",0.43,71,10,2.66,"23","Bulgaria",47,23,0.6785545597,0.6253573977,0.3888016745,0.4179895818,0.909775,0.5842823675,0.8640307715,0.667,0.6830216831,0.8325962399,0.8698,0.7,0.6,0.015,0.1,0.1,26.5,38.777,7200000,1.369e+11,0.03,0.015,19097.3,0.098,-0.011,1773900000,0.269,0.0409102010726929,0.100508298873901,0.116997203826904,40.4,99.7439155578614,99.5501632690429,74.8146341463415,0.144447319823993,0.647976668313048,0.207576011862959,6,40,31,0,42,1,2,116,18,0,4,2,0,"Europe","[5.01e+03,1.91e+04]","[5.01e+03,1.91e+04]",0,3,25.6425165692408,9.85730224278573
"55","Hungary","HUN",0.45,66,10,2.89,"72","Hungary",56,27,0.6579153558,0.6014019094,0.5179879644,0.4154445392,0.793,0.2534560095,0.7925841676,0.64,0.6442538211,0.9170558582,0.8698,0.75,0.7,0.015,0.15,0.19,38.5,50.232,9900000,2.584e+11,0.029,0.017,26222,0.07,-0.001,1269900000,0.755,0.0461972999572754,0.0355461001396179,0.0257472991943359,30.6,99.7508697509766,96.1505279541016,75.8170731707317,0.143722655591988,0.670498733635751,0.185778610772262,6,40,22,0,34,16,3,115,22,2,1,1,1,"Europe","(1.91e+04,2.84e+04]","(1.91e+04,2.84e+04]",0,3,26.2777746088549,10.1743540320593
"56","Jamaica","JAM",0.44,68,7,3.96,"81","Jamaica",41,6,0.6947120792,0.5804627716,0.6150575615,0.3819297049,0.809975,0.7754017592,0.798934976,0.789,0.7373701396,0.7952130375,0.7532,0.8,0.5,0.073,0.25,0.25,25.5,28.243,2800000,2.46e+10,0.011,0.005,8758.5,0.137,0.047,794500000,1.243,0.0526016998291016,0.0324194002151489,0.245312099456787,46.6,99.156265258789,93.4897003173828,74.267,0.240142246361331,0.672924438382278,0.0869333152563913,6,38,2,0,20,1,0,66,78,0,0,1,2,"Americas","(8.61e+03,1.44e+04]","(8.61e+03,1.44e+04]",0,3,23.9260122798847,9.0777799363917
"57","Romania","ROU",0.48,59,10,3.12,"135","Romania",39,20,0.6965295003,0.63925008,0.5847069597,0.4594771547,0.873724,0.6525264733,0.9089932999,0.659,0.6248094683,0.8360665676,0.8698,0.75,0.5,0.015,0.16,0.16,27.4,34.341,19800000,4.138e+11,0.037,0.024,20786.9,0.069,-0.006,3388900000,0.394,0.0309539008140564,0.074140100479126,0.116002101898193,36,99.7508697509766,96.1505279541016,75.309756097561,0.154494850378567,0.666687883755184,0.178817265866248,6,42,17,0,42,9,5,115,22,0,3,2,1,"Europe","(1.91e+04,2.84e+04]","(1.91e+04,2.84e+04]",0,3,26.7486486022579,9.94207825958492
"58","South Africa","ZAF",0.43,71,8,3.98,"151","SouthAfrica",81,6,0.6228404087,0.6764538889,0.5966117216,0.4759252538,0.702,0.6841381888,0.6995231476,0.62,0.5889486313,0.7576840726,0.7728,0.4,0.5,0.039,0.41,0.28,22.6,33.705,54900000,7.235e+11,0.013,0.021,13165.2,0.251,0.046,1772400000,0.501,0.0611305999755859,0.191390991210938,0.0755062007904053,36.8,95.3238220214844,87.0466690063477,63.538,0.291502598257042,0.656305615480971,0.0521917862619865,6,41,7,0,27,6,0,81,60,0,0,2,4,"Sub-Saharan Africa","(5.2e+03,3.18e+04]","(5.2e+03,3.18e+04]",0,3,27.3073663830179,9.48533226361145
"59","Ghana","GHA",0.4,81,9,2.56,"63","Ghana",118,19,0.5621811347,0.5160398366,0.4086865515,0.3551992865,0.845416,0.7627909279,0.09249528288,0.596,0.5739243536,0.6448213779,0.6508,0.7,0.6,0.1,0.25,0.25,17.2,24.372,26900000,1.147e+11,0.035,0.076,4266.2,0.063,0.172,3192300000,0.733,0.0362737989425659,0.120507497787476,0.0217846989631653,41.6,63.947811126709,53.4975891113281,63.463,0.378200306887033,0.591301639529467,0.0304980535834993,1,5,0,0,1,0,0,6,108,0,0,0,0,"Sub-Saharan Africa","(2.54e+03,5.2e+03]","(2.54e+03,5.2e+03]",0,3,25.4655858610817,8.35847878025772
"60","Maldives","MDV",0.33,112,3,1.71,"105","Maldives",157,39,0.5029063983,0.451,0.33,0.314,0.930304,0.5153970175,0.09375845088,0.806,0.7038931186,0.7625241931,0.478,0.35,0.3,0.211,0,0,26.4,44.419,3e+05,5.2e+09,0.019,0.049,14922.8,0.118,0.014,323900000,0.729,0.0388747000694275,0.0445024013519287,0.0412855005264282,37.3,99.9380493164063,99.7912292480469,78.325,0.203949621476142,0.758266485630598,0.0377838928932599,6,40,19,0,42,1,0,98,42,0,0,2,2,"Asia-Pacific","(1.06e+04,2.11e+04]","(1.06e+04,2.11e+04]",0,3,22.3719244625338,9.61064552371072
"61","Vanuatu","VUT",0.43,71,3,3.93,"178","Vanuatu",52,12,0.6739204768,0.655,0.33,0.705,0.970416,0.8036223325,0.9906404912,0.514,0.5807539677,0.7482129304,0.7394,0.65,0.4,0.055,0,0,17.2,32.928,3e+05,7e+08,-0.008,0.013,2549.6,0.043,0.033,29100000,0.205,0.0453353023529053,0.192308759689331,0.0352287006378174,37.3,92.9507598876953,72.8929672241211,70.172,0.388623866064236,0.574638366431999,0.0367377675037652,6,20.5,7,0,26,0,0,53,74.5,0,0,1,1.5,"Asia-Pacific","[1.95e+03,4.3e+03]","[1.95e+03,4.3e+03]",0,3,20.3665908930077,7.84369176310313
"62","Argentina","ARG",0.39,85,8,2.92,"5","Argentina",156,26,0.5040908766,0.3244971211,0.3958006279,0.3819386643,0.626119,0.5463870325,0.5641144953,0.573,0.4608335785,0.509,0.6674,0.5,0.5,0.066,0.35,0.35,35.9,43.947,42400000,9.72e+11,0.012,0.027,22553.6,0.067,0.265,11654900000,0.565,0.0545431995391846,7.79000017791986e-05,0.00432689994573593,41.1,98.970630645752,97.5090026855469,76.372,0.249267703815041,0.640835225051061,0.109897071133897,6,40,20,0,42,9,0,111,26,1,2,1,2,"Americas","(1.85e+04,4.56e+04]","(1.85e+04,4.56e+04]",0,3,27.6026216414068,10.0236499774217
"63","China","CHN",0.41,77,9,1.96,"34","China",111,24,0.5740349331,0.4832767402,0.606959707,0.416337635,0.700031,0.7297179264,0.925407784,0.539,0.6339680928,0.7179203117,0.7358,0.2,0.2,0.032,0.45,0.25,18.7,31.905,1.375e+09,1.93924e+13,0.069,0.078,14107.4,0.046,0.014,1.3561e+11,0.439,0.0366744995117188,0.0243787506222725,0.0309876000881195,37.3,99.9380493164063,99.7912292480469,76.47,0.179373611027194,0.717175184402221,0.103451204570585,6,40,19,0,42,1,0,98,42,0,0,2,2,"Asia-Pacific","(1.06e+04,2.11e+04]","(1.06e+04,2.11e+04]",0,3,30.5959023526654,9.55445476139003
"64","Solomon Islands","SLB",0.39,85,3,3.71,"150","SolomonIslands",126,27,0.5500404532,0.393,0.419,0.339,0.6275,0.3437233592,0.997849262,0.685,0.7051030092,0.8103098086,0.83,0.15,0.3,0.085,0.4,0.3,35,46.391,6e+05,1.1e+09,0.033,0.052,1950.2,0.348,-0.004,21100000,0.104,0.0453353023529053,0.192308759689331,0.0352287006378174,37.3,92.9507598876953,72.8929672241211,72.645,0.40353814781798,0.560737627724086,0.0357242244579342,6,20.5,7,0,26,0,0,53,74.5,0,0,1,1.5,"Asia-Pacific","[1.95e+03,4.3e+03]","[1.95e+03,4.3e+03]",0,3,20.8185760167507,7.57568721040102
"65","Benin","BEN",0.39,85,6,4.17,"17","Benin",96,11,0.5923772792,0.3596752664,0.2938252224,0.3133909993,0.685596,0.8590886559,0.712738452,0.519,0.5242070485,0.8538057062,0.6872,0.8,0.5,0.106,0.45,0.3,14.8,24.852,10900000,2.29e+10,0.052,0.052,2113.2,0.011,0.003,229300000,0.375,0.0353558993339539,0.427799243927002,0.0296648001670837,44.3,71.1166152954102,51.8358001708985,61.174,0.426685773263257,0.540874712018525,0.032439514718218,6,6,5,0,11,0,0,22,95,0,0,0,1,"Sub-Saharan Africa","(1.53e+03,2.54e+03]","(1.53e+03,2.54e+03]",0,3,23.8544027475066,7.65595866529016
"66","Guyana","GUY",0.38,91,5,1.84,"68","Guyana",106,23,0.5849836803,0.3765898354,0.3407901622,0.339,0.68027,0.7276850592,0.8086297715,0.632,0.7090668997,0.7983724359,0.7074,0.6,0.3,0.071,0.333,0.4,22.1,29.559,8e+05,5.8e+09,0.03,0.045,7508.7,0.112,-0.003,121700000,0.488,0.046647801399231,0.251529455184937,0.131295752525329,44.6,97.9804534912109,88.4827117919922,69.624,0.285752984306431,0.652175763845711,0.0620712518478578,4,17,0,0,17,1,0,41,94,0,0,0,2,"Americas","[1.75e+03,8.61e+03]","[1.75e+03,8.61e+03]",0,3,22.4811237544988,8.92381762724425
"67","Lesotho","LSO",0.42,74,6,4.08,"94","Lesotho",134,26,0.5387484387,0.516,0.5085688121,0.396,0.556936,0,0.9221412754,0.522,0.5773115183,0.7642236586,0.8018,0.5,0.4,0.024,0.35,0.25,50.8,59.327,1900000,5.8e+09,0.025,0.039,2986.5,0.275,0.048,1.69e+08,0.6,0.0815688991546631,0.444082717895508,0.0243418002128601,44.9,63.947811126709,53.4975891113281,52.947,0.329813906921905,0.621459655927181,0.0487264371509141,2,4,0,0,1,0,0,6,108,0,0,0,0,"Sub-Saharan Africa","(2.54e+03,5.2e+03]","(2.54e+03,5.2e+03]",0,3,22.4811237544988,8.00185741217236
"68","Burkina Faso","BFA",0.42,74,7,2.18,"24","BurkinaFaso",93,10,0.596101958,0.382,0.284,0.317,0.825646,0.8248448293,0.8844671953,0.464,0.5333189425,0.846346529,0.6916,0.7,0.4,0.079,0.275,0.275,15.2,21.271,17900000,3.09e+10,0.04,0.055,1723.6,0.029,0.009,167400000,0.31,0.0562846994400024,0.46961540222168,0.22994930267334,44.3,71.1166152954102,51.8358001708985,60.768,0.451815311583238,0.524098388004856,0.0240863004119056,6,6,5,0,11,0,0,22,95,0,0,0,1,"Sub-Saharan Africa","(1.53e+03,2.54e+03]","(1.53e+03,2.54e+03]",0,3,24.1540220208501,7.45217040574168
"69","India","IND",0.4,81,9,2.16,"74","India",143,33,0.5263869885,0.5537862011,0.4436813187,0.4429368365,0.77172764,0.7743553275,0.109680512,0.528,0.4160180743,0.7504579525,0.726,0.4,0.4,0.062,0.309,0.346,16.6,27.946,1276300000,7.9652e+12,0.073,0.067,6161.6,0.035,0.049,4.4208e+10,0.672,0.0440000009536743,0.0828569483757019,0.0305708003044128,37.4,93.0906295776367,66.561149597168,69.165,0.274786995727277,0.66538187109893,0.0598311331737929,6,42,18,0,30,0,0,90,52,0,0,3,3,"Asia-Pacific","(4.3e+03,1.06e+04]","(4.3e+03,1.06e+04]",0,3,29.7061031688309,8.72609176306064
"70","Timor-Leste","TLS",0.38,91,3,7.5,"164","TimorLeste",173,42,0.4626610134,0.068,0.103,0.292,0.6466666667,0.65556914,0.2,0.722,0.6394983703,0.7751979835,0.8,0.45,0.2,0.025,0.1,0.1,61.5,51.16,1300000,6.6e+09,0.043,0.057,5628.5,0.047,0.006,4.3e+07,0,0.0710610008239746,0.126485595703125,0.0305708003044128,37.4,93.0906295776367,66.561149597168,69.007,0.383023475417009,0.573380585526093,0.0435959390568973,6,42,18,0,32.5,0,0,85,57,0,0.5,2,3,"Asia-Pacific","(4.3e+03,1.06e+04]","(4.3e+03,1.06e+04]",0,3,22.6103354859788,8.63559825579486
"71","Trinidad and Tobago","TTO",0.41,77,6,5.47,"167","TrinidadTobago",87,18,0.6122827139,0.5473708816,0.4871794872,0.368,0.813991,0.57654853,0.5183713096,0.677,0.7139640926,0.7589672656,0.786,0.6,0.5,0.057,0.25,0.25,24.7,39.819,1400000,4.43e+10,-0.018,0.001,32635.5,0.038,0.047,1618600000,0.511,0.0356126999855042,0.0265003006160259,0.00432689994573593,41.1,98.970630645752,97.5090026855469,73.245,0.205385030551443,0.69096909886067,0.103645870587887,1,7,1,0,7,0,0,15,99,0,0,0,1,"Americas","(1.85e+04,4.56e+04]","(1.85e+04,4.56e+04]",0,3,24.5142505139975,10.3931559319264
"72","Turkey","TUR",0.4,81,8,1.8,"169","Turkey",60,29,0.6523095999,0.6125648975,0.5251831502,0.4067556576,0.755131,0.5769316573,0.9569303886,0.643,0.4852383783,0.7215800698,0.7944,0.75,0.6,0.028,0.35,0.2,28.7,36.959,77700000,1.5888e+12,0.038,0.044,20437.8,0.103,0.077,1.6508e+10,0.326,0.0413798487186432,0.0891417980194092,0.0512309980392456,41.4,99.7508697509766,96.1505279541016,77.161,0.250027571472864,0.667415314649495,0.0825571138776413,6,40,15,0,42,4,1,102,35,0,1,3,2,"Europe","(1.91e+04,2.84e+04]","(1.91e+04,2.84e+04]",0,3,28.0940001302373,9.92514140643096
"73","Colombia","COL",0.37,96,8,2.77,"35","Colombia",37,4,0.6969382492,0.6378124923,0.2522239665,0.3963181168,0.800711,0.7416730304,0.898265174,0.771,0.7793453895,0.770109821,0.8158,0.8,0.7,0.042,0.33,0.25,16.7,29.579,48200000,6.674e+11,0.031,0.046,13846.5,0.1,0.05,12107600000,0.494,0.0453551006317139,0.0750453996658325,0.0265404009819031,49.7,99.156265258789,93.4897003173828,76.925,0.235569125467782,0.682439989221801,0.0819908853104178,6,41,2,0,35,3,0,81,60,0,0,1,5,"Americas","(8.61e+03,1.44e+04]","(8.61e+03,1.44e+04]",0,3,27.2266554032637,9.53578777209832
"74","Ecuador","ECU",0.32,117,7,2.66,"49","Ecuador",160,28,0.492933712,0.3865151571,0.2225274725,0.3392856504,0.790684,0.460833108,0.5642773244,0.554,0.472887434,0.6771943977,0.697,0.35,0.4,0.052,0.35,0.22,19.6,39.273,16300000,1.834e+11,0,0.044,11263.6,0.043,0.04,1060100000,0.345,0.0461426019668579,0.0375552010536194,0.0113854002952576,44.7,99.2550506591797,92.8297882080078,76.584,0.283616003254264,0.646872593327007,0.069511403418729,6,38,6,0,20,2,0,66,78,0,0,1,4,"Americas","(8.61e+03,1.44e+04]","(8.61e+03,1.44e+04]",0,3,25.9349353967688,9.32933156640364
"75","Brazil","BRA",0.37,96,8,4.24,"22","Brazil",140,25,0.5285319766,0.5502714623,0.4971350078,0.3340706083,0.701191,0.531458784,0.2284155398,0.613,0.5229581416,0.6696831751,0.6942,0.5,0.5,0.078,0.275,0.34,32.8,41.901,204500000,3.1924e+12,-0.038,0.01,15614.5,0.072,0.09,64647900000,0.737,0.0632047986984253,0.0446414995193481,0.00390789985656738,53.3,99.1554107666016,93.0758209228516,75.456,0.216838368026363,0.697106712029254,0.0860549199443827,6,40,17,0,37,6,1,101,37,0,2,1,3,"Americas","(1.44e+04,1.85e+04]","(1.44e+04,1.85e+04]",0,3,28.7917941009483,9.6559552487114
"76","Ethiopia","ETH",0.35,107,9,1.36,"55","Ethiopia",142,31,0.5265724783,0.3262785734,0.2962454212,0.3763987207,0.771371,0.90323152,0.8653695131,0.5,0.5718558963,0.6573190953,0.6508,0.2,0.2,0.1,0.35,0.3,12.7,18.64,9.3e+07,1.616e+11,0.102,0.101,1800.7,0.055,0.101,2167600000,0.486,0.0564951992034912,0.427799243927002,0.147093796730041,44.3,72.7548217773438,51.7711791992188,65.872,0.412507982618484,0.552613712393253,0.034878304988263,6,6,5,0,11,0,0,22,95,0,0,0,1,"Sub-Saharan Africa","(1.53e+03,2.54e+03]","(1.53e+03,2.54e+03]",0,3,25.8083899830334,7.49593075717546
"77","Kazakhstan","KAZ",0.31,122,9,3.59,"84","Kazakhstan",42,11,0.6898569868,0.5611445338,0.5652145474,0.3796024059,0.932576,0.85677762,0.9891477913,0.745,0.8249077405,0.7391132028,0.7848,0.4,0.5,0.033,0.1,0.2,13.2,23.02,17700000,4.291e+11,0.012,0.048,24267.9,0.056,0.065,4020700000,0.233,0.0275081992149353,0.0108214996755123,0.00823880016803741,27.5,98.6015014648438,96.1424331665039,72.95,0.279148600452245,0.649483167025433,0.071368232522322,6,40,18,0,35,15,5,113,25,1,2,1,1,"Asia-Pacific","(2.11e+04,8.53e+04]","(2.11e+04,8.53e+04]",0,3,26.7849558289439,10.096909768401
"78","Peru","PER",0.37,96,8,3.35,"130","Peru",43,7,0.6889802141,0.5826806673,0.2822475144,0.3882287778,0.803,0.8514634495,0.983841671,0.694,0.6275051937,0.833395296,0.8714,0.75,0.6,0.014,0.3,0.28,16.8,22.58,31900000,3.891e+11,0.033,0.048,12194.7,0.035,0.035,6861200000,0.231,0.0393130993843079,0.00675660014152527,0.00988300025463104,43.3,99.0574798583984,94.1496124267578,76.286,0.263624966281645,0.658267009172855,0.0781080245454995,6,38,27,0,42,1,1,109,30,0,2,3,1,"Americas","(8.61e+03,1.44e+04]","(8.61e+03,1.44e+04]",0,3,26.6871022169369,9.40875671010143
"79","Serbia","SRB",0.41,77,8,2.8,"144","Serbia",99,39,0.5888188831,0.5033454516,0.4024725275,0.3818552453,0.8325,0.402886224,0.4689154604,0.629,0.6591967192,0.8076549687,0.778,0.7,0.5,0.061,0.15,0.15,35,44.74,7200000,9.75e+10,0.007,0.004,13671.4,0.19,0.014,2346600000,0.774,0.0371016001701355,0.0155019998550415,0.0102643001079559,36.2,99.7439155578614,99.5501632690429,75.5390243902439,0.158258875685363,0.662793608065934,0.178947516248703,6,40,30,0,42,4,0,116,18,0,4,2,0,"Europe","[5.01e+03,1.91e+04]","[5.01e+03,1.91e+04]",0,3,25.3031182149502,9.52306133851939
"80","Sri Lanka","LKA",0.38,91,7,1.82,"153","SriLanka",112,25,0.5739437116,0.4802591595,0.4827969649,0.3004103967,0.852551,0.9020714399,0.3115412774,0.728,0.5751506102,0.7595436901,0.745,0.35,0.4,0.053,0.24,0.28,10.7,18.258,21100000,2.23e+11,0.052,0.061,10566.2,0.047,0.009,681200000,0.744,0.0279924988746643,0.0133250999450684,0.00715460002422333,37.4,98.8564605712891,91.895751953125,76.648,0.244070862823381,0.654693205689957,0.101235931486662,6,42,8,0,30,0,0,80,62,0,0,3,3,"Asia-Pacific","(4.3e+03,1.06e+04]","(4.3e+03,1.06e+04]",0,3,26.1304376084065,9.26541550618415
"81","Suriname","SUR",0.41,77,4,4.08,"155","Suriname",167,29,0.4802693624,0.451,0.154,0.317,0.701351,0.6960234992,0.1624640863,0.486,0.7608034124,0.750590351,0.684,0.3,0.3,0.108,0.38,0.36,15.7,29.729,6e+05,9.1e+09,0.001,0.026,16292,0.078,0.069,276400000,0.433,0.0610751008987427,0.0593955993652344,0.138237199783325,48.3,99.1400489807129,94.0242996215821,71.463,0.274331458940992,0.657618984182185,0.068049556876823,6,37,8.5,0,30.5,2,0,77.5,61,0,0.5,1.5,3,"Americas","(1.44e+04,1.85e+04]","(1.44e+04,1.85e+04]",0,3,22.9315402504692,9.6984294687683
"82","Tanzania","TZA",0.36,103,9,1.55,"162","Tanzania",105,14,0.5858471992,0.337875852,0.2878728414,0.2915645568,0.802576,0.8948048224,0.7658918902,0.501,0.6430815707,0.6958988567,0.7596,0.55,0.5,0.07,0.3,0.3,13.2,18.821,49100000,1.385e+11,0.07,0.068,2904,0.032,0.056,1531500000,0.405,0.044305100440979,0.444082717895508,0.15436710357666,40.5,63.947811126709,53.4975891113281,64.479,0.443164485313565,0.530998902147314,0.0258366125391209,2,4,0,0,1,0,0,5,109,0,0,0,0,"Sub-Saharan Africa","(2.54e+03,5.2e+03]","(2.54e+03,5.2e+03]",0,3,25.6541361625738,7.97384437594469
"83","Gambia","GMB",0.3,130,6,6.22,"60","Gambia",136,28,0.5340221337,0.3909337246,0.3881475667,0.382,0.749179,0.7434716308,0.03210451742,0.528,0.656155517,0.6382736478,0.65,0.75,0.5,0.125,0.35,0.32,16.1,28.189,2e+06,3.3e+09,0.044,0.021,1646.4,0.301,0.068,10600000,0.916,0.0462496995925903,0.427799243927002,0.147093796730041,44.3,71.1166152954102,51.8358001708985,61.174,0.426685773263257,0.540874712018525,0.028961911187331,6,6,5,0,11,0,0,22,95,0,0,0,1,"Sub-Saharan Africa","(1.53e+03,2.54e+03]","(1.53e+03,2.54e+03]",0,1,21.9171883054188,7.40634636507979
"84","Indonesia","IDN",0.37,96,9,3.12,"75","Indonesia",84,18,0.6193913294,0.4827138235,0.3925039246,0.4473120004,0.835619,0.8989759099,0.900655886,0.491,0.4891442457,0.7401711622,0.8046,0.35,0.6,0.023,0.3,0.25,10.9,17.359,255100000,2.8422e+12,0.048,0.055,11125.9,0.058,0.064,15508200000,0.273,0.026699800491333,0.0243787506222725,0.0506120014190674,38.1,99.9380493164063,99.7912292480469,71.282,0.269149014961264,0.674031501634853,0.0568194834038824,6,40,22,0,42,4,0,108,31,0,2,3,1,"Asia-Pacific","(1.06e+04,2.11e+04]","(1.06e+04,2.11e+04]",0,3,28.6755995161042,9.31703100263871
"85","Albania","ALB",0.38,91,8,1.81,"2","Albania",65,30,0.643530032,0.5401325017,0.284733124,0.3970736737,0.868904,0.7249970367,0.5154094183,0.793,0.5066095654,0.8143010644,0.8772,0.7,0.7,0.011,0.23,0.15,23.6,30.038,2800000,3.27e+10,0.026,0.019,11300.8,0.173,0.019,1003300000,0.719,0.0361172008514404,0.0607263994216919,0.0222159004211426,33.2,99.7439155578614,99.5501632690429,78.333,0.180283124879298,0.686426142157412,0.13329073296329,6,41,4,0,22,0,0,67,76,0,0,1,5,"Europe","[5.01e+03,1.91e+04]","[5.01e+03,1.91e+04]",0,3,24.2106409148496,9.33262879865466
"86","El Salvador","SLV",0.33,112,7,3.25,"51","ElSalvador",66,12,0.6412277818,0.453433417,0.3535452643,0.3167538699,0.790071,0.8590279659,0.7467791684,0.573,0.5449225464,0.7922001499,0.865,0.8,0.6,0.018,0.3,0.3,17.3,21.713,6400000,5.29e+10,0.024,0.021,8302.5,0.064,-0.007,428700000,0.589,0.037252299785614,0.172143306732178,0.145668601989746,38,97.9804534912109,88.4827117919922,72.872,0.274456233330401,0.644496680247071,0.0810470864225283,4,25,5,0,25,2,0,57,83,0,0,1,3,"Americas","[1.75e+03,8.61e+03]","[1.75e+03,8.61e+03]",0,3,24.6916691758107,9.0243119532509
"87","Kosovo","KSV",0.39,85,5,2.13,"185","Kosovo",46,22,0.6785670639,0.703,0.58,0.459,0.935479,0.777618032,0.8889807018,0.688,0.6526059674,0.8001210659,0.708,0.65,0.3,0.071,0.1,0.1,21.1,27.376,1900000,1.74e+10,0.033,0.03,9255,0.143,-0.005,359800000,0.192,0.0390059006214142,0.0523236989974976,0.0222159004211426,29,99.7439155578614,99.5501632690429,71.9951219512195,0.162668877248977,0.683323914850356,0.146243257933241,5,29,1,0,22,2,1,55,85,0,0,1,2,"Europe","[5.01e+03,1.91e+04]","[5.01e+03,1.91e+04]",0,3,23.5797360431669,9.1329192250076
"88","Thailand","THA",0.37,96,9,2.03,"163","Thailand",55,13,0.6622028537,0.5125079969,0.4171899529,0.4070471466,0.810275,0.8525207248,0.9627383196,0.699,0.6279864512,0.7289686526,0.8282,0.5,0.6,0.036,0.35,0.2,16.5,22.348,68800000,1.1081e+12,0.028,0.029,16097.4,0.011,-0.009,10844600000,0.431,0.033557300567627,0.0243787506222725,0.0309876000881195,36.5,99.9380493164063,99.7912292480469,76.683,0.173538216619869,0.7120921441628,0.114369639217331,6,41,30,0,42,17,1,131,7,3,0,2,1,"Asia-Pacific","(1.06e+04,2.11e+04]","(1.06e+04,2.11e+04]",0,3,27.7336679528887,9.6864130472483
"89","Vietnam","VNM",0.35,107,8,2.78,"180","Vietnam",147,35,0.5243755105,0.4971177505,0.3202511774,0.2464898079,0.795976,0.746474716,0.2110870535,0.612,0.621525037,0.7601845832,0.8314,0.25,0.4,0.034,0.35,0.22,18.2,28.665,91600000,5.523e+11,0.067,0.059,6024.4,0.021,0.006,1.18e+10,0.593,0.0408553981781006,0.0828569483757019,0.0305708003044128,37.4,93.0906295776367,66.561149597168,75.241,0.230975510865422,0.698714209653194,0.0703102794813837,6,42,36,0,42,21,14,155,3,4,1,1,0,"Asia-Pacific","(4.3e+03,1.06e+04]","(4.3e+03,1.06e+04]",0,3,27.0373572138536,8.70357316833769
"90","Bosnia and Herzegovina","BIH",0.38,91,7,2.56,"20","BosniaHerzegovina",92,36,0.602219829,0.4120706306,0.3999215071,0.3270177927,0.834839,0.337403396,0.8927779217,0.474,0.5930539967,0.839753703,0.8658,0.65,0.6,0.017,0.1,0.1,38.1,46.827,3900000,4.05e+10,0.028,0.013,10491.8,0.303,-0.01,249500000,0.455,0.0390059006214142,0.0682525014877319,0.118051500320435,33.2,99.7439155578614,99.5501632690429,77.128,0.147957123995793,0.694545318921983,0.157497557082224,6,41,15,0,39,0,0,95,44,0,0,4,2,"Europe","[5.01e+03,1.91e+04]","[5.01e+03,1.91e+04]",0,3,24.4245678110589,9.25834927866249
"91","Mongolia","MNG",0.36,103,9,1.4,"113","Mongolia",129,29,0.5476115031,0.5128192589,0.2836211408,0.3675199258,0.871331,0.57609757,0,0.672,0.7658995091,0.7226496322,0.7494,0.45,0.6,0.05,0.1,0.25,23.7,33.837,3e+06,3.61e+10,0.023,0.103,12146.6,0.071,0.059,195100000,0.765,0.0408859014511108,0.0243787506222725,0.00592299997806549,37.3,99.9380493164063,99.7912292480469,69.509,0.299497781800034,0.660564020777279,0.0399381974226874,6,37,12,0,42,1,1,93,48,0,1,2,3,"Asia-Pacific","(1.06e+04,2.11e+04]","(1.06e+04,2.11e+04]",0,3,24.3095587022852,9.40480457421652
"92","Panama","PAN",0.37,96,7,1.79,"127","Panama",54,8,0.6626311188,0.6108944785,0.2146127682,0.4085113382,0.851896,0.83078125,0.8490210734,0.744,0.4296754693,0.7837810482,0.7784,0.75,0.7,0.061,0.25,0.25,15.2,23.16,4e+06,8.72e+10,0.058,0.079,21764.6,0.052,0.001,5038600000,0.388,0.0288224005699158,0.121788597106934,0.132182598114014,49.9,98.970630645752,97.5090026855469,78.149,0.273394729530685,0.647506105164425,0.0790991653048905,1,7,3,0,5,0,0,15,99,0,0,0,1,"Americas","(1.85e+04,4.56e+04]","(1.85e+04,4.56e+04]",0,3,25.1914701678613,9.98804007568749
"93","Moldova","MDA",0.31,122,9,1.54,"112","Moldova",110,41,0.5795869208,0.496,0.239010989,0.2864071275,0.860784,0.5480342584,0.9059550657,0.659,0.3894956957,0.7203559135,0.8,0.55,0.5,0.025,0.18,0.12,30.4,38.338,3600000,1.78e+10,-0.011,0.038,5006.2,0.05,0.096,228500000,0.42,0.056184401512146,0.0523236989974976,0.00652149975299835,25.9,99.7439155578614,99.5501632690429,71.717,0.158160585897819,0.732747425661702,0.10909198844048,6,40.5,20,0,38.5,3,0,107.5,29.5,0,1.5,2,1,"Europe","[5.01e+03,1.91e+04]","[5.01e+03,1.91e+04]",0,3,23.6024642942445,8.51843242325119
"94","Philippines","PHL",0.34,111,9,1.9,"131","Philippines",58,14,0.6560568461,0.4918392141,0.3714024071,0.3866463263,0.789104,0.8938476459,0.972427262,0.626,0.5717913487,0.8056239495,0.764,0.6,0.6,0.043,0.32,0.3,13.6,19.362,101400000,7.41e+11,0.058,0.059,7254.2,0.067,0.014,5.234e+09,0.371,0.0440000009536743,0.0828569483757019,0.0324850988388062,37.4,93.0906295776367,66.561149597168,70.952,0.314680085202537,0.635948947887491,0.0493709669099723,6,42,25,0,42,11,0,120,17,0,3,3,0,"Asia-Pacific","(4.3e+03,1.06e+04]","(4.3e+03,1.06e+04]",0,3,27.3312664622425,8.88933589045809
"95","Nepal","NPL",0.31,122,6,2,"118","Nepal",125,26,0.5510815611,0.3729875618,0.3201203558,0.2666761511,0.849079,0.894872224,0.9835629155,0.646,0.4763826977,0.7220978273,0.6812,0.1,0.3,0.109,0.25,0.25,16.1,19.878,28400000,7.01e+10,0.034,0.042,2465.2,0.031,0.072,51400000,0.287,0.0476722002029419,0.0533436012268066,0.0352287006378174,37.3,92.9507598876953,72.8929672241211,70.169,0.31336510561534,0.629988020344461,0.056646874040199,6,0,1,0,2,0,0,3,110,0,0,0,0,"Asia-Pacific","[1.95e+03,4.3e+03]","[1.95e+03,4.3e+03]",0,3,24.973188630987,7.81002821908809
"96","Sierra Leone","SLE",0.3,130,9,1.95,"146","SierraLeone",145,32,0.5256894516,0.3735817893,0.2702773417,0.1894414782,0.813111,0.902219536,0.761647379,0.496,0.2967908747,0.7114040204,0.6938,0.6,0.2,0.103,0.3,0.3,8.3,20.263,6300000,1e+10,-0.215,0.05,1577.2,0.034,0.09,518700000,0.461,0.0463576984405518,0.385983085632324,0.147093796730041,44.3,71.1166152954102,51.8358001708985,53.895,0.413565579829024,0.55661599244594,0.0298184277250364,6,6,5,0,11,0,0,22,95,0,0,0,1,"Sub-Saharan Africa","(1.53e+03,2.54e+03]","(1.53e+03,2.54e+03]",0,1,23.0258509299405,7.36340640200347
"97","Ukraine","UKR",0.3,130,9,2.27,"172","Ukraine",166,44,0.4809176552,0.4141307424,0.2260596546,0.2923775575,0.786224,0.3823328125,0.6786112484,0.621,0.4881448639,0.4735309827,0.8586,0.25,0.3,0.021,0.2,0.18,37.6,43.241,42700000,3.395e+11,-0.099,-0.021,7970.8,0.099,0.487,2.961e+09,0.802,0.0541226005554199,0.0523236989974976,0.0222159004211426,26,99.7439155578614,99.5501632690429,71.7809756097561,0.156289572025388,0.682158166427496,0.161552261547116,6,42,30,0,36,10,4,122,14,1,2,2,1,"Europe","[5.01e+03,1.91e+04]","[5.01e+03,1.91e+04]",0,1,26.5507397839452,8.98354014315843
"98","Zambia","ZMB",0.37,96,9,2.46,"182","Zambia",122,23,0.5579942628,0.4961858099,0.3984170591,0.3500164545,0.7310521136,0.8160728159,0.2157198529,0.666,0.4821258542,0.7073411931,0.783,0.55,0.5,0.034,0.35,0.35,15.47510467,25.57,15500000,6.27e+10,0.036,0.054,3868.1,0.107,0.101,1.653e+09,0.529,0.0372964000701904,0.444082717895508,0.148964595794678,41.6,63.947811126709,53.4975891113281,63.043,0.454113688120858,0.525038242573589,0.0208480693055531,2,4,0,0,1,0,0,6,108,0,0,0,0,"Sub-Saharan Africa","(2.54e+03,5.2e+03]","(2.54e+03,5.2e+03]",0,3,24.8616272845853,8.26051870939308
"99","Niger","NER",0.33,112,6,3.27,"122","Niger",154,36,0.5080871111,0.338,0.226,0.35,0.763475,0.7343622367,0.385064396,0.391,0.461280795,0.8334629057,0.6644,0.55,0.4,0.093,0.35,0.3,15.5,31.073,17600000,1.91e+10,0.04,0.061,1079.7,0.028,0.01,5.25e+08,0.435,0.025771598815918,0.6494287109375,0.335119590759277,41.6,70.9124526977539,60.6554298400879,61.599,0.500928832755573,0.473163561314673,0.0259076059297535,6,6,5,0,11,0,0,22,95,0,0,0,1,"Sub-Saharan Africa","[630,1.53e+03]","[630,1.53e+03]",0,3,23.672954171999,6.9844385037531
"100","Bolivia","BOL",0.33,112,6,2.98,"19","Bolivia",168,30,0.4769645774,0.2570821338,0.1541732077,0.3260211096,0.861064,0.4905784624,0.8136426737,0.589,0.358,0.6638133416,0.7602,0.05,0.4,0.045,0.13,0.25,24.4,41.935,11500000,7.44e+10,0.048,0.055,6465.3,0.036,0.041,503400000,0.397,0.0404145991802216,0.145239601135254,0.0843424987792969,44.6,97.9804534912109,88.4827117919922,70.945,0.315346173965445,0.614195037816536,0.0704587882180194,6,24,0,0,17,0,0,41,94,0,0,0,4,"Americas","[1.75e+03,8.61e+03]","[1.75e+03,8.61e+03]",0,3,25.0327217787855,8.77420469384164
"101","Kenya","KEN",0.28,143,9,1.94,"85","Kenya",135,27,0.534770027,0.4510906474,0.4268707483,0.2470508382,0.785031,0.77886868,0.1444773856,0.5,0.6243826764,0.737668348,0.6718,0.55,0.5,0.089,0.3,0.3,18.7,28.598,44100000,1.419e+11,0.056,0.055,3207.7,0.092,0.066,1.437e+09,0.527,0.0536668014526367,0.444082717895508,0.15436710357666,41.6,63.947811126709,53.4975891113281,65.909,0.403500123513719,0.573938820427461,0.0225610560588208,6,3,0,0,3,2,0,8,107,0,0,0,0,"Sub-Saharan Africa","(2.54e+03,5.2e+03]","(2.54e+03,5.2e+03]",0,1,25.6783884211124,8.07330944840402
"102","Mexico","MEX",0.29,135,9,1.69,"110","Mexico",70,14,0.6355098529,0.5809025368,0.3871140764,0.2995371816,0.748691,0.7673021099,0.6682363839,0.707,0.5794207371,0.7879142091,0.8,0.7,0.6,0.05,0.35,0.3,19.7,27.591,121100000,2.2272e+12,0.025,0.028,17534.4,0.043,0.027,30284600000,0.54,0.0451821994781494,0.0593955993652344,0.00728760004043579,48.3,99.1246871948242,94.9727783203125,74.947,0.269392249508412,0.660200045642909,0.0704077048486791,6,42,13,0,39,2,0,96,43,0,1,2,3,"Americas","(1.44e+04,1.85e+04]","(1.44e+04,1.85e+04]",0,1,28.4317663070865,9.77191994470913
"103","Pakistan","PAK",0.32,117,8,2.11,"126","Pakistan",141,32,0.528263699,0.3644180138,0.3405939299,0.3047099665,0.789,0.8726178292,0.3080820196,0.612,0.3775709006,0.7477717284,0.6724,0.55,0.4,0.089,0.3,0.33,11,19.814,1.9e+08,9.31e+11,0.042,0.039,5000,0.054,0.045,864700000,0.644,0.0289951992034912,0.0828569483757019,0.0305708003044128,37.4,74.5263824462891,59.1320495605469,66.947,0.35478621035315,0.602075429118137,0.0431383605287132,6,23,6,0,29,0,0,58,81,0,0,1,3,"Asia-Pacific","(4.3e+03,1.06e+04]","(4.3e+03,1.06e+04]",0,3,27.5595251142235,8.51719319141624
"104","Azerbaijan","AZE",0.31,122,7,5.64,"9","Azerbaijan",68,15,0.6359900435,0.5045059177,0.3296049189,0.376,0.877336,0.5754959167,0.973921358,0.715,0.7495048081,0.7361116021,0.7444,0.55,0.5,0.053,0.25,0.2,14.2,38.544,9500000,1.694e+11,0.011,0.024,17993.4,0.047,0.04,4047700000,0.361,0.0247381997108459,0.00425509989261627,0.0206896996498108,37.3,99.9380493164063,99.7912292480469,72.693,0.232876635802595,0.707226479179956,0.0598968850174499,6,37,19,0,42,0,0,98,42,0,0,4,2,"Asia-Pacific","(1.06e+04,2.11e+04]","(1.06e+04,2.11e+04]",0,3,25.8555286191644,9.79776030297298
"105","Gabon","GAB",0.32,117,4,3.22,"59","Gabon",103,13,0.586033831,0.3590333653,0.2672030351,0.376,0.7702835563,0.8097499899,0.9614136445,0.506,0.5844278152,0.8302945657,0.618,0.55,0.4,0.141,0.35,0.3,13.12114464,23.693,1600000,3.46e+10,0.04,0.053,18639,0.205,0.001,623900000,0.439,0.0332680988311768,0.099448299407959,0.0487274003028869,38,95.3238220214844,87.0466690063477,65.839,0.368221392342104,0.595932435855277,0.0358461718026194,6,21,5,0,25,0,0,51,87,0,0,0,4,"Sub-Saharan Africa","(5.2e+03,3.18e+04]","(5.2e+03,3.18e+04]",0,3,24.2671195190101,9.8330114387318
"106","Malawi","MWI",0.31,122,9,1.85,"103","Malawi",149,33,0.5219169125,0.3603743756,0.4420460492,0.3131328109,0.791439,0.6978351967,0.3345962618,0.453,0.5685293185,0.5470499378,0.705,0.55,0.5,0.048,0.3,0.3,16.9,30.684,18100000,2.04e+10,0.03,0.041,1124.2,0.067,0.219,142500000,0.834,0.0403133010864258,0.31064380645752,0.146777200698853,41.6,70.9124526977539,60.6554298400879,63.279,0.442968770691621,0.530541087376733,0.0264901419316458,6,6,5,0,11,0,0,22,95,0,0,0,1,"Sub-Saharan Africa","[630,1.53e+03]","[630,1.53e+03]",0,3,23.7388007377966,7.02482695056797
"107","Mali","MLI",0.31,122,7,2.08,"106","Mali",102,12,0.5862515851,0.3671092616,0.3381083203,0.343,0.694091,0.8801719384,0.8784177187,0.442,0.5109439867,0.8297767957,0.7014,0.65,0.4,0.074,0.4,0.35,15.3,20.298,16300000,3.58e+10,0.061,0.037,2199,0.085,0.014,152900000,0.363,0.0378976988792419,0.549564208984375,0.325948791503906,44.3,71.1166152954102,51.8358001708985,58.452,0.477228165076114,0.497622678384199,0.0251491565396871,6,6,5,0,11,0,0,22,95,0,0,0,1,"Sub-Saharan Africa","(1.53e+03,2.54e+03]","(1.53e+03,2.54e+03]",0,3,24.3012137303531,7.69575799055476
"108","Russia","RUS",0.29,135,9,2.5,"136","Russia",114,42,0.5709547429,0.4764778795,0.4451857666,0.3816765597,0.818491,0.6148776619,0.9343535393,0.748,0.5075596994,0.5730348082,0.7518,0.3,0.3,0.049,0.13,0.2,35.3,36.447,143700000,3.7176e+12,-0.037,0.012,25410.9,0.058,0.155,9824900000,0.177,0.0413798487186432,0.0338365995883941,0.015161999464035,34.4,99.7508697509766,96.1505279541016,77.161,0.147274878102097,0.659715598503416,0.193009523394487,6,40,19,0,37,9,1,102,35,0,1,2,1,"Europe","(1.91e+04,2.84e+04]","(1.91e+04,2.84e+04]",0,1,28.9440994147172,10.1429334948133
"109","Mauritania","MRT",0.28,143,6,2.41,"108","Mauritania",131,25,0.544108762,0.2252365222,0.1380821559,0.292,0.811779,0.7316953304,0.7706375846,0.644,0.5738009879,0.8194735625,0.6226,0.5,0.4,0.114,0.3,0.25,18.9,33.374,3700000,1.63e+10,0.019,0.051,4395.3,0.311,0.005,4.95e+08,0.781,0.0373909997940063,0.444082717895508,0.216800098419189,41.6,63.947811126709,53.4975891113281,64.464,0.4026255262611,0.566067338070364,0.0313071356685355,2,4,0,0,1,0,0,6,108,0,0,0,0,"Sub-Saharan Africa","(2.54e+03,5.2e+03]","(2.54e+03,5.2e+03]",0,1,23.5144309447591,8.38829106717538
"110","Togo","TGO",0.32,117,6,3.29,"165","Togo",138,29,0.5323802792,0.338,0.399,0.368,0.681751,0.7977560184,0.4512915251,0.503,0.4617261722,0.7750386353,0.713,0.6,0.3,0.094,0.45,0.27,20.7,27.382,7200000,1.08e+10,0.053,0.054,1483.4,0.077,0.018,52700000,0.619,0.037605299949646,0.214450206756592,0.0738564014434814,41.6,70.9124526977539,60.6554298400879,60.489,0.416375764859374,0.555121963131914,0.0285022720087124,6,6,5,0,11,0,0,22,95,0,0,0,1,"Sub-Saharan Africa","[630,1.53e+03]","[630,1.53e+03]",0,3,23.1028119710766,7.30209202930246
"111","Dominican Republic","DOM",0.29,135,7,2.56,"48","DominicanRepublic",76,16,0.6290540759,0.5607071676,0.2530743066,0.3089719241,0.845556,0.902147308,0.9008648736,0.528,0.5624815864,0.7668457444,0.77,0.75,0.4,0.065,0.25,0.27,13.8,17.977,10800000,1.497e+11,0.07,0.049,14983.7,0.144,0.008,2221500000,0.343,0.0392026996612549,0.0792184019088745,0.0531316995620728,42.2,99.1400489807129,94.0242996215821,73.689,0.282506194174432,0.648693953755237,0.0687998520703305,6,37,8.5,0,30.5,2,0,77.5,61,0,0.5,1.5,3,"Americas","(1.44e+04,1.85e+04]","(1.44e+04,1.85e+04]",0,1,25.731899128372,9.61471822256738
"112","Guinea","GIN",0.27,148,7,2.37,"66","Guinea",169,42,0.4757824894,0.1562750671,0.1312794349,0.275,0.691256,0.78436717,0.3416379084,0.558,0.5482911653,0.7114831269,0.6118,0.5,0.4,0.119,0.4,0.35,16.2,28.489,11700000,1.5e+10,0.001,0.022,1213.6,0.018,0.082,8.5e+07,0.484,0.023203399181366,0.31064380645752,0.146777200698853,41.6,70.9124526977539,60.6554298400879,60.706,0.442483662134694,0.528448142488941,0.0290681953763653,6,6,5,0,11,0,0,22,95,0,0,0,1,"Sub-Saharan Africa","[630,1.53e+03]","[630,1.53e+03]",0,1,23.4313160380486,7.10134642803432
"113","Liberia","LBR",0.31,122,8,3.24,"95","Liberia",161,38,0.4911773588,0.3363709062,0.4095368917,0.3138650926,0.836191,0.6007847677,0.3620396778,0.531,0.4849011603,0.7182388096,0.6012,0.5,0.2,0.061,0.25,0.25,19.7,44.493,4300000,3.7e+09,0,0.05,872.8,0.042,0.077,512300000,0.4,0.0276128005981445,0.31064380645752,0.213589305877686,41.6,55.3987007141113,48.3013610839844,63.295,0.414787166758893,0.552985756107852,0.0322270771332556,6,6,5,0,11,0,0,22,95,0,0,0,1,"Sub-Saharan Africa","[630,1.53e+03]","[630,1.53e+03]",0,3,22.0315986565966,6.77170643451886
"114","Paraguay","PRY",0.29,135,6,3.1,"129","Paraguay",80,17,0.6243078418,0.3821301149,0.2330586081,0.326,0.961775,0.8300061144,0.9510421512,0.624,0.2849298942,0.7827522187,0.766,0.75,0.6,0.042,0.1,0.1,13.5,24.447,7e+06,6.1e+10,0.03,0.05,8707.8,0.049,0.029,282700000,0.238,0.0308968997001648,0.0324194002151489,0.0265404009819031,48.5,99.156265258789,93.4897003173828,73.992,0.297043524151016,0.640546370565225,0.0624101052837597,6,35,1,0,12,0,0,48,88,0,0,0,2,"Americas","(8.61e+03,1.44e+04]","(8.61e+03,1.44e+04]",0,1,24.8341397011197,9.07197445470437
"115","Angola","AGO",0.19,167,5,1.28,"4","Angola",165,41,0.4851552119,0.364,0.198,0.128,0.876875,0.5864980372,0.7074353791,0.585,0.4036473252,0.7058068012,0.5666,0.3,0.4,0.117,0.17,0.3,6.5,28.926,25100000,1.844e+11,0.03,0.047,7343.8,0.076,0.103,8680900000,0.623,0.0246688008308411,0.099448299407959,0.0487274003028869,36.8,95.3238220214844,87.0466690063477,60.379,0.469530162996215,0.508077871356001,0.0223919656477835,6,21,5,0,25,0,0,51,87,0,0,0,4,"Sub-Saharan Africa","(5.2e+03,3.18e+04]","(5.2e+03,3.18e+04]",0,1,25.9403731480689,8.90161169881403
"116","Djibouti","DJI",0.31,122,4,5.32,"46","Djibouti",171,43,0.4669189005,0.123,0.103,0.326,0.8091792581,0.3951520992,0.13839278,0.516,0.5902124145,0.7532902545,0.5488,0.8,0.5,0.176,0.3,0.25,19.57568438,53.946,1e+06,3.1e+09,0.065,0.059,3203.8,0.539,0.021,1.24e+08,0.555,0.0374855995178223,0.444082717895508,0.400342102050781,41.6,63.947811126709,53.4975891113281,65.893,0.299820251901548,0.655614506529506,0.0445652415689456,2,4,0,0,1,0,0,6,108,0,0,0,0,"Sub-Saharan Africa","(2.54e+03,5.2e+03]","(2.54e+03,5.2e+03]",0,3,21.8546679484375,8.07209288426738
"117","Papua New Guinea","PNG",0.29,135,6,2.55,"128","PapuaNewGuinea",152,37,0.509045927,0.377,0.54,0.327,0.678375,0.6450745552,0.166695775,0.598,0.6739544647,0.6984513285,0.854,0.25,0.3,0.023,0.42,0.3,23.5,32.632,7700000,2.05e+10,0.09,0.084,2651.8,0.031,0.06,-27800000,0.408,0.0196493005752563,0.192308759689331,0.0352287006378174,37.3,92.9507598876953,72.8929672241211,64.01,0.361384213103618,0.604823563208311,0.0337922236880715,6,20.5,7,0,26,0,0,53,74.5,0,0,1,1.5,"Asia-Pacific","[1.95e+03,4.3e+03]","[1.95e+03,4.3e+03]",0,1,23.7436907230908,7.88299393368062
"118","Uganda","UGA",0.26,151,9,2.11,"171","Uganda",91,9,0.6091296311,0.3925632366,0.3459576138,0.2867223674,0.737004,0.9100364533,0.7814510784,0.424,0.8460655727,0.8027552512,0.783,0.6,0.4,0.059,0.4,0.3,11.4,18.017,39200000,7.99e+10,0.05,0.047,2002.6,0.036,0.058,1057300000,0.354,0.0226336002349854,0.487553596496582,0.139053297042847,44.3,71.1166152954102,51.8358001708985,62.516,0.473199381984244,0.507597569174302,0.0192030488414537,6,6,5,0,11,0,0,22,95,0,0,0,1,"Sub-Saharan Africa","(1.53e+03,2.54e+03]","(1.53e+03,2.54e+03]",0,1,25.1040416897186,7.6022016152737
"119","Bangladesh","BGD",0.28,143,8,3.19,"12","Bangladesh",128,28,0.5498164,0.34880078,0.2600078493,0.1913040143,0.727604,0.9400068075,0.786839006,0.534,0.6867421387,0.6864922044,0.636,0.5,0.3,0.107,0.25,0.45,8.6,13.817,159900000,5.765e+11,0.064,0.063,3606.6,0.044,0.064,2235400000,0.34,0.0453353023529053,0.331273918151855,0.0352287006378174,37.3,92.9507598876953,72.8929672241211,72.052,0.282245879874421,0.66625937004745,0.0514947500781286,6,42,17,0,42,10,0,111,26,0,2,2,2,"Asia-Pacific","[1.95e+03,4.3e+03]","[1.95e+03,4.3e+03]",0,1,27.0802411766555,8.19052077927317
"120","Central African Republic","CAF",0.23,156,5,3.28,"31","CentralAfricanRepublic",151,35,0.5180670794,0.126,0.33,0.287,0.658064,0.9414908395,0.8405860188,0.272,0.4274560187,0.6822080755,0.552,0.8,0.3,0.149,0.5,0.3,4.4,14.567,4800000,3e+09,0.043,-0.047,629.7,0.076,0.054,3e+06,0.65,0.0175364995002747,0.521175498962402,0.146777200698853,41.6,70.9124526977539,60.6554298400879,52.24,0.446462300123389,0.52522169710639,0.0283160027702211,6,6,5,0,11,0,0,22,95,0,0,0,1,"Sub-Saharan Africa","[630,1.53e+03]","[630,1.53e+03]",0,1,21.8218781256145,6.4452435154947
"121","Uzbekistan","UZB",0.22,157,7,2.11,"177","Uzbekistan",148,36,0.5226452222,0.48,0.419,0.275,0.907,0.6618090975,0.9977127673,0.648,0.5041248758,0.6110959263,0.668,0,0.1,0.066,0.22,0.075,19.7,34.398,3.1e+07,1.879e+11,0.08,0.081,6068.4,0.101,0.085,1068400000,0.107,0.052813401222229,0.0392283010482788,0.00722959995269775,37.4,93.0906295776367,66.561149597168,71.388,0.285183238873478,0.672169165092944,0.0426475960335778,5,16,18,0,35,0,0,69,74,0,1,0,4,"Asia-Pacific","(4.3e+03,1.06e+04]","(4.3e+03,1.06e+04]",0,1,25.9591757433658,8.71085025787394
"122","Cameroon","CMR",0.25,153,9,2.58,"28","Cameroon",150,34,0.5181119264,0.4347226323,0.2964416536,0.1741438665,0.753716,0.8435094559,0.6085457916,0.443,0.4782962539,0.800567463,0.5344,0.35,0.5,0.158,0.35,0.33,12.2,23.517,23100000,7.26e+10,0.059,0.052,3144,0.046,0.028,620100000,0.335,0.0315481996536255,0.444082717895508,0.0653191995620728,41.6,63.947811126709,53.4975891113281,58.511,0.428673276351495,0.54401275287263,0.0273139707758745,2,4,0,0,1,0,0,6,108,0,0,0,0,"Sub-Saharan Africa","(2.54e+03,5.2e+03]","(2.54e+03,5.2e+03]",0,1,25.0082307587772,8.0532511535491
"123","Guatemala","GTM",0.28,143,7,2.19,"65","Guatemala",74,15,0.6300650854,0.4498652838,0.2776687598,0.2746772702,0.792175,0.9482888077,0.9349244311,0.587,0.482018889,0.7937625832,0.8704,0.65,0.5,0.015,0.31,0.31,12.5,12.244,16300000,1.259e+11,0.04,0.038,7737.6,0.027,0.024,1208400000,0.243,0.0295009994506836,0.330915603637695,0.116922903060913,44.6,97.9804534912109,88.4827117919922,73.81,0.350508927890502,0.602527879150835,0.0469631929586632,4,12,0,0,6,2,0,20,97,0,0,0,1,"Americas","[1.75e+03,8.61e+03]","[1.75e+03,8.61e+03]",0,1,25.5587537779967,8.95384684098042
"124","Madagascar","MDG",0.24,155,8,2.72,"102","Madagascar",113,15,0.5739335775,0.3482803696,0.2138932496,0.2503212883,0.910199,0.9321154539,0.7976792553,0.433,0.438245976,0.7332683376,0.7802,0.55,0.5,0.06,0.2,0.2,9.9,15.512,24200000,3.54e+10,0.03,0.026,1462.2,0.022,0.074,517500000,0.356,0.028364200592041,0.237523403167725,0.146777200698853,41.6,70.9124526977539,60.6554298400879,66.311,0.409723121695803,0.560975040312059,0.0293018379921372,6,6,5,0,11,0,0,22,95,0,0,0,1,"Sub-Saharan Africa","[630,1.53e+03]","[630,1.53e+03]",0,1,24.2899776570861,7.28769742985922
"125","Mozambique","MOZ",0.25,153,8,2.87,"116","Mozambique",158,37,0.4994578223,0.4055808789,0.3239795918,0.309,0.732199,0.5819861248,0.2267386669,0.588,0.4100904196,0.7993191853,0.7666,0.35,0.5,0.042,0.32,0.32,25.1,35.413,27100000,3.32e+10,0.063,0.07,1186.2,0.223,0.024,3710800000,0.748,0.0550555992126465,0.31064380645752,0.101264600753784,41.6,70.9124526977539,60.6554298400879,59.309,0.449594607396316,0.521422060609547,0.0289833319941368,6,6,5,0,11,0,0,22,95,0,0,0,1,"Sub-Saharan Africa","[630,1.53e+03]","[630,1.53e+03]",0,1,24.2258157128689,7.07851019940463
"126","Nigeria","NGA",0.27,148,9,1.97,"123","Nigeria",115,16,0.5705721378,0.3526607367,0.3323129252,0.1217828809,0.851616,0.9524148304,0.8721822758,0.489,0.738706591,0.7129894142,0.6232,0.4,0.4,0.113,0.24,0.3,2.8,11.806,178700000,1.0917e+12,0.027,0.047,6108.4,0.058,0.09,3064200000,0.115,0.051024398803711,0.099448299407959,0.0487274003028869,36.8,95.3238220214844,87.0466690063477,53.95,0.440131179412448,0.532377460928992,0.0274913596585596,4,21,5,0,25,0,0,51,87,0,0,0,4,"Sub-Saharan Africa","(5.2e+03,3.18e+04]","(5.2e+03,3.18e+04]",0,1,27.7187572302326,8.71742015207903
"127","Tajikistan","TJK",0.21,161,5,2.36,"161","Tajikistan",109,23,0.5816732442,0.4545600502,0.4556514914,0.327,0.908616,0.741050556,0.9583868311,0.656,0.4922723775,0.6977416247,0.7388,0.25,0.3,0.056,0.13,0.15,22.8,31.975,8500000,2.33e+10,0.03,0.064,2749.4,0.109,0.058,226800000,0.359,0.0583796977996826,0.192308759689331,0.00546869993209839,37.3,92.9507598876953,72.8929672241211,70.647,0.364524133731099,0.60564872591683,0.0298271403520705,6,40,13,0,42,0,0,95,44,0,0,3,3,"Asia-Pacific","[1.95e+03,4.3e+03]","[1.95e+03,4.3e+03]",0,1,23.8717191975181,7.91913798503732
"128","Honduras","HND",0.29,135,8,2.32,"70","Honduras",100,21,0.5884059017,0.4498176103,0.3816064887,0.3217649354,0.832564,0.7466374837,0.6412250438,0.569,0.311741019,0.7725142392,0.784,0.65,0.6,0.058,0.25,0.25,20.6,27.95,8400000,4.11e+10,0.036,0.035,4868.6,0.039,0.032,1203500000,0.474,0.0493701982498169,0.381854209899902,0.17461389541626,49.4,97.9804534912109,88.4827117919922,74.898,0.323450927472473,0.630940799424076,0.0456082731034521,2,6,0,0,6,0,0,12,104,0,0,0,0,"Americas","[1.75e+03,8.61e+03]","[1.75e+03,8.61e+03]",0,1,24.4392739584486,8.49056170041532
"129","Zimbabwe","ZWE",0.22,157,9,2.22,"183","Zimbabwe",175,45,0.4404986004,0.2733471125,0.2613814757,0.1465366219,0.610771,0.7521462367,0.906008805,0.362,0.3305990745,0.7651928789,0.528,0.25,0.1,0.136,0.515,0.25,24.8,28.506,13400000,2.81e+10,0.015,0.065,2096.2,0.093,-0.024,4.21e+08,0.53,0.053810601234436,0.0235679006576538,0.155134296417236,44.3,71.1166152954102,51.8358001708985,60.812,0.425978683807469,0.5450594050052,0.028961911187331,6,6,5,0,11,0,0,22,95,0,0,0,1,"Sub-Saharan Africa","(1.53e+03,2.54e+03]","(1.53e+03,2.54e+03]",0,1,24.0590354132861,7.64788146073608
"130","Nicaragua","NIC",0.26,151,8,1.29,"121","Nicaragua",98,20,0.5919355497,0.3107379248,0.1586865515,0.2743894569,0.772039,0.8079325179,0.9614130115,0.59,0.556000794,0.7116273396,0.8104,0.65,0.5,0.02,0.3,0.3,21.9,26.408,6300000,3.13e+10,0.045,0.05,4997.2,0.06,0.04,8.35e+08,0.312,0.0435768985748291,0.251529455184937,0.131295752525329,44.6,97.9804534912109,88.4827117919922,74.068,0.305483953724178,0.643993136247922,0.0505229100279004,4,17,4,0,22,1,0,44,91,0,0,1,2,"Americas","[1.75e+03,8.61e+03]","[1.75e+03,8.61e+03]",0,1,24.1668839344925,8.51663303455767
"131","Cambodia","KHM",0.21,161,8,2.43,"27","Cambodia",94,20,0.5951821986,0.4235759455,0.2206959707,0.1284682577,0.902044,0.8811014608,0.9572256943,0.296,0.6201226048,0.8099524497,0.803,0.6,0.5,0.049,0.2,0.2,13.4,18.158,15500000,5.42e+10,0.069,0.072,3488,0.005,0.012,1.701e+09,0.336,0.0453353023529053,0.192308759689331,0.0919659996032715,37.3,92.9507598876953,72.8929672241211,69.289,0.31272428607452,0.643167339906176,0.0441083740193033,6,1,0,0,10,0,0,11,105,0,0,0,1,"Asia-Pacific","[1.95e+03,4.3e+03]","[1.95e+03,4.3e+03]",0,1,24.715946745392,8.15708378502887
"132","Chad","TCD",0.2,165,6,2.73,"32","Chad",162,39,0.4904266652,0.3060108634,0.2411695447,0.246,0.4595426667,0.8716475064,0.7464419996,0.275,0.4485847648,0.7433226373,0.5474,0.6,0.4,0.151,0.6,0.45,6.8,17.103,11600000,3.05e+10,0.018,0.047,2634.3,0.056,0.036,600200000,0.393,0.0245481991767883,0.659924011230469,0.320353012084961,41.6,63.947811126709,53.4975891113281,53.712,0.474005732131307,0.501327084490236,0.0246671833784574,2,4,0,0,1,0,0,6,108,0,0,0,0,"Sub-Saharan Africa","(2.54e+03,5.2e+03]","(2.54e+03,5.2e+03]",0,1,24.1409925205598,7.87637277103406
"133","Comoros","COM",0.27,148,4,8.87,"36","Comoros",121,22,0.5583594589,0.373,0.226,0.3,0.646076,0.812104792,0.9857005176,0.585,0.505600839,0.8150313577,0.7018,0.45,0.3,0.074,0.3,0.5,11.8,25.502,8e+05,1.2e+09,0.01,0.023,1518.7,0.196,0.02,5100000,0.267,0.028364200592041,0.295163402557373,0.146777200698853,41.6,70.9124526977539,60.6554298400879,63.912,0.397724759550407,0.572646002172278,0.0296292382773144,6,6,5,0,11,0,0,22,95,0,0,0,1,"Sub-Saharan Africa","[630,1.53e+03]","[630,1.53e+03]",0,1,20.9055873937404,7.32560998473622
"134","Eritrea","ERI",0.2,165,5,5.74,"53","Eritrea",176,46,0.4223127529,0.364,0.103,0.275,0.812944,0.74735188,0,0.567,0.6966229319,0.6098342232,0.692,0,0.2,0.054,0.3,0.3,8.4,28.497,6800000,8.7e+09,0.048,0.057,1297.2,0.084,0.09,49300000,1.271,0.028364200592041,0.349368286132813,0.470054512023926,41.6,70.9124526977539,60.6554298400879,65.538,0.442726216413158,0.529494614932837,0.0287428020014246,6,6,5,0,11,0,0,22,95,0,0,0,1,"Sub-Saharan Africa","[630,1.53e+03]","[630,1.53e+03]",0,1,22.8865888626069,7.16796337443316
"135","Afghanistan","AFG",0.15,177,5,1.39,"1","Afghanistan",163,40,0.4888571551,0.126,0.284,0.275,0.915775,0.7987725397,0.9733840365,0.542,0.5987542848,0.693,0.6596,0,0,0.07,0.2,0.2,6.5,27.106,3.2e+07,6.23e+10,0.015,0.054,1947,0.096,-0.015,5.8e+07,0.068,0.0337331008911133,0.192308759689331,0.0352287006378174,37.3,92.9507598876953,72.8929672241211,64.13,0.436825260049196,0.537632225246819,0.025542514703985,6,20.5,7,0,26,0,0,53,74.5,0,0,1,1.5,"Asia-Pacific","[1.95e+03,4.3e+03]","[1.95e+03,4.3e+03]",0,1,24.8552272627398,7.5740450053722
"136","Burundi","BDI",0.22,157,6,3.29,"26","Burundi",139,30,0.5318993114,0.2572685219,0.1979984301,0.246,0.738359,0.6949275037,0.6959525182,0.535,0.6739985054,0.7516872574,0.7416,0.55,0.3,0.054,0.35,0.35,12.9,29.94,9400000,7.7e+09,-0.041,0.027,818.5,0.015,0.056,7400000,0.384,0.0476202011108398,0.31064380645752,0.0432750988006592,41.6,88.2217712402344,68.3753280639648,60.898,0.455554940838286,0.522577451836004,0.0218676073257099,6,6,5,0,11,0,0,22,95,0,0,0,1,"Sub-Saharan Africa","[630,1.53e+03]","[630,1.53e+03]",0,1,22.764486165806,6.70747339681119
"137","Turkmenistan","TKM",0.19,167,5,1.78,"170","Turkmenistan",170,41,0.4736511506,0.324,0.05,0.296,0.953324,0.9228315592,0.9891645565,0.3,0.2,0.7484936918,0.8,0,0.1,0,0.1,0.08,17.4,16.188,5900000,8.86e+10,0.065,0.106,16444.5,0.1,0.055,4258800000,0.233,0.0351159000396729,0.0243787506222725,0.0309876000881195,37.3,99.9380493164063,99.7912292480469,67.956,0.30910314889694,0.648121886868414,0.0427749642346457,6,40,11,0,42,0,0,93,48,0,0,2,4,"Asia-Pacific","(1.06e+04,2.11e+04]","(1.06e+04,2.11e+04]",0,1,25.2073976945574,9.7077463537827
"138","Haiti","HTI",0.22,157,6,2.05,"69","Haiti",159,27,0.4964707956,0.12564836,0.2514390372,0.191,0.802576,0.810087288,0.5176749195,0.494,0.6212045346,0.737619408,0.7064,0.4,0.3,0.072,0.3,0.3,13.2,21.961,10600000,1.87e+10,0.01,0.033,1750.1,0.069,0.075,104200000,0.304,0.015911899805069,0.251529455184937,0.131295752525329,44.6,97.9804534912109,88.4827117919922,63.29,0.336244485022626,0.615401180401382,0.0483543345759921,4,17,0,0,17,1,0,41,94,0,0,0,2,"Americas","[1.75e+03,8.61e+03]","[1.75e+03,8.61e+03]",0,1,23.651789360807,7.46742820814211
"139","Equatorial Guinea","GNQ",0.17,171,3,3.56,"52","EquatorialGuinea",174,44,0.4500305838,0.354,0.131,0.246,0.754216,0.5363464093,0.4636143391,0.509,0.3854926666,0.7826975912,0.538,0.4,0.3,0.156,0.35,0.35,2.8,38.213,8e+05,2.54e+10,-0.122,-0.023,31757.7,0.094,0.032,316200000,0.201,0.051024398803711,0.099448299407959,0.0487274003028869,36.8,95.3238220214844,87.0466690063477,58.061,0.372850439222759,0.60231204070992,0.0248375200673216,6,21,5,0,25,0,0,51,87,0,0,0,4,"Sub-Saharan Africa","(5.2e+03,3.18e+04]","(5.2e+03,3.18e+04]",0,1,23.9580150109709,10.3658904946027
"140","Sudan","SDN",0.16,175,7,2.31,"154","Sudan",164,40,0.4877552618,0.311,0.198,0.189,0.864796,0.9508275179,0.855164391,0.539,0.4971868881,0.592688345,0.5054,0.15,0.2,0.147,0.1,0.35,5.2,12.479,38400000,1.67e+11,0.035,0.012,4343.8,0.136,0.169,1736800000,0.689,0.0373909997940063,0.444082717895508,0.383011703491211,41.6,63.947811126709,53.4975891113281,64.881,0.408546242793757,0.556101688864566,0.0353520683416771,2,4,0,0,1,0,0,6,108,0,0,0,0,"Sub-Saharan Africa","(2.54e+03,5.2e+03]","(2.54e+03,5.2e+03]",0,1,25.8412596493632,8.37650482003822
"141","Venezuela","VEN",0.18,169,8,1.6,"179","Venezuela",179,32,0.2696147568,0.06762874929,0.1025641026,0.1159078845,0.725119,0.5153729024,0.1524180365,0.397,0.285,0.1677664061,0.6066,0,0.1,0.097,0.34,0.34,20.9,41.032,30900000,5.157e+11,-0.057,0.003,16672.7,0.08,1.217,1.591e+09,0.488,0.053128650188446,0.0593955993652344,0.0334848999977111,48.3,99.1400489807129,94.0242996215821,75.2015,0.243115308767388,0.664844216342794,0.0782313123965309,5,29,4,0,24,2,0,59,79,0,0,2,2,"Americas","(1.44e+04,1.85e+04]","(1.44e+04,1.85e+04]",0,1,26.9687910380033,9.72152793023598
"142","Somalia","SOM",0.09,180,5,2.26,"184","Somalia",94,10,0.6019652253,0.068,0.4635661957,0.116,1,0.6615353956,0,0.923,0.9181105382,0.7810436497,0.7275,0.55,0.4,0.074,0.3,0.3,18.3,31.113,10500000,5.7e+09,0.037,0.0465,5467.20731707317,0.108,0.033,5.16e+08,0.47,0.051024398803711,0.099448299407959,0.0487274003028869,36.8,95.3238220214844,87.0466690063477,56.709,0.467529804110293,0.503933360472169,0.0285368354175379,6,21,5,0,25,0,0,51,87,0,0,0,4,"Sub-Saharan Africa","(5.2e+03,3.18e+04]","(5.2e+03,3.18e+04]",0,1,22.4637320117869,8.60652321971856
