"","COUNTRY","ISO3","CPI_SCORE_2017","CPI_RANK_2017","N_SOURCES_2017","STD_ERROR_2017","ID","WEBNAME","WORLD_RANK","REGION_RANK","HERITAGE_INDEX_2017","PROPERTY_RIGHTS","JUDICAL_EFFECTIVENESS","GOVERNMENT_INTEGRITY","TAX_BURDEN","GOV_SPENDING","FISCAL_HEALTH","BUSINESS_FREEDOM","LABOR_FREEDOM","MONETARY_FREEDOM","TRADE_FREEDOM","INVESTMENT_FREEDOM","FINANCIAL_FREEDOM","TARIFF_RATE_PRCT","INCOME_TAX_RATE_PRCT","CORPORATE_TAX_RATE_PRCT","TAX_BURDEN_OF_GDP","GOV_EXPENDITURE_OF_GDP","POPULATION","GDP_PPP","GDP_GROWTH_RATE_PRCT","FIVE_YEAR_GDP_GROWTH_RATE_PRCT","GDP_PER_CAPITA_PPP","UNEMPLOYMENT_PRCT","INFLATION_PRCT","FDI_INFLOW","PUBLIC_DEBT_PRCT_OF_GDP","GOV_EXPENDITURE_EDUC_PRCT_OF_GDP","TEENS_OUT_OF_SCHOOL_PRCT","CHILDREN_OUT_OF_SCHOOL_PRCT","GINI_INDEX","LITERACY_RATE_YOUTH","LITERACY_RATE_ADULT","LIFE_EXPECTANCY","POP_AGES_0TO14_PRCT","POP_AGES_15TO64_PRCT","POP_AGES_65_AND_ABOVE_PRCT","REGION","GDP_PER_CAPITA_QUANTILE","factor(GDP_PER_CAPITA_QUANTILE)","DUMMY_CPI","DUMMY_CPI_ORDERED","log_GDP_PPP","log_GDP_PER_CAPITA_PPP","team_size","problem1","problem2","problem3","problem4","problem5","problem6","total","rank","gold_medals","silver_medals","bronze_medals","honourable_mentions"
"1","Denmark","DNK",0.88,2,8,2.75,"45","Denmark",18,9,0.7505180722,0.867167085,0.6846546311,0.8491850963,0.372094,0.05730401866,0.954048399,0.939,0.8581577922,0.8548058439,0.8698,0.9,0.8,0.015,0.56,0.235,50.9,55.65932367,5600000,2.587e+11,0.012,0.007,45709.4,0.063,0.005,3641500000,0.456,0.0775243997573853,0.00545499980449677,0.00202209994196892,28.7,99.7508697509766,97.7573928833008,81.1024390243903,0.164916924766681,0.638488146240044,0.196594928993276,"Europe","(4.41e+04,9.9e+04]","(4.41e+04,9.9e+04]",1,3,26.2789349261384,10.7300592450091,6,41,5,0,27,4,0,77,65,0,0,1,5
"2","New Zealand","NZL",0.89,1,8,2.4,"120","NewZealand",3,3,0.837456102,0.9612604882,0.8846153846,0.8986956834,0.707724,0.4649257966,0.9779135465,0.918,0.8616695454,0.9010687793,0.8736,0.8,0.8,0.013,0.33,0.28,32.4,41.94218454,4600000,1.682e+11,0.034,0.025,36171.6,0.059,0.003,-985800000,0.304,0.0625973987579346,0.0195666003227234,0.00382999986410141,27.5,99.9304428100586,97.2022171020508,81.6585365853659,0.197161696406279,0.649543793175464,0.153294510418257,"Asia-Pacific","(1.76e+04,8.53e+04]","(1.76e+04,8.53e+04]",1,3,25.8484195844853,10.4960295595221,6,42,8,0,42,2,0,94,46,0,0,3,3
"3","Finland","FIN",0.85,3,8,2.84,"57","Finland",24,13,0.7398678112,0.9056027165,0.8273809524,0.9003389831,0.666155,0,0.7725382513,0.902,0.5335955502,0.851002281,0.8698,0.85,0.8,0.015,0.318,0.2,43.9,58.466,5500000,2.25e+11,0.004,0,41120,0.096,-0.002,8289600000,0.624,0.0636311006546021,0.00474689990282059,0.0115208995342255,27.4,99.7508697509766,97.7573928833008,81.6317073170732,0.162511650912268,0.624700823080137,0.212787526007594,"Europe","(2.85e+04,4.41e+04]","(2.85e+04,4.41e+04]",1,3,26.1393662391508,10.624249900129,6,40,4,0,10,1,1,56,84,0,0,0,6
"4","Singapore","SGP",0.84,6,9,2.26,"147","Singapore",2,2,0.8858000702,0.9709988066,0.9149659864,0.8791110657,0.904744,0.90106432,0.806978048,0.951,0.9077490371,0.8429895788,0.9,0.85,0.8,0,0.22,0.17,13.4,20.29,5500000,4.719e+11,0.02,0.04,85253.2,0.033,-0.005,65262400000,0.982,0.0276826000213623,0.00064630001783371,0.000308100003749132,27.5,99.9304428100586,97.2022171020508,83.0951219512195,0.122124560773127,0.772076444440396,0.105798994786478,"Asia-Pacific","(1.76e+04,8.53e+04]","(1.76e+04,8.53e+04]",1,3,26.8800329356788,11.3533809310982,6,42,26,0,37,22,4,131,7,2,1,2,1
"5","Sweden","SWE",0.84,6,8,2.27,"157","Sweden",19,10,0.7491320705,0.8856108979,0.8218210361,0.8736065615,0.444371,0.2174543867,0.9339689987,0.908,0.5321890464,0.8527629185,0.8698,0.85,0.8,0.015,0.57,0.22,42.7,49.265,9800000,4.734e+11,0.041,0.02,47922.2,0.074,0.007,12579400000,0.441,0.0756883001327515,0.00801060020923615,0.00275759994983673,28.8,99.7508697509766,97.7573928833008,82.409756097561,0.17495166026983,0.625134176068078,0.199914163662092,"Europe","(4.41e+04,9.9e+04]","(4.41e+04,9.9e+04]",1,3,26.8832065340263,10.7773341415853,6,42,13,0,27,8,1,91,51,0,1,2,3
"6","Switzerland","CHE",0.85,3,7,1.71,"158","Switzerland",4,1,0.8145214811,0.8693010138,0.7762951334,0.803,0.708959,0.6748557435,0.9578139623,0.768,0.7219747987,0.8440581213,0.9,0.85,0.9,0,0.115,0.085,27.1,32.971,8200000,4.823e+11,0.009,0.015,58551.5,0.043,-0.011,6.8838e+10,0.456,0.049515700340271,0.0148403000831604,0.00146380007266998,32.7,99.7508697509766,97.7573928833008,83.5512195121951,0.148724946793942,0.666966381907622,0.184308671298436,"Europe","(4.41e+04,9.9e+04]","(4.41e+04,9.9e+04]",1,3,26.9018321640213,10.9776619878266,6,42,9,0,22,10,0,83,58,0,0,1,5
"7","Norway","NOR",0.85,3,8,1.83,"124","Norway",25,14,0.7397225605,0.8667441746,0.8334641549,0.8833960997,0.556,0.3853239325,0.9843860104,0.895,0.4882210401,0.7575353134,0.8766,0.75,0.6,0.012,0.478,0.25,39.1,47.652,5200000,3.562e+11,0.016,0.017,68430.2,0.042,0.022,-4238600000,0.279,0.0791198015213013,0.00801060020923615,0.000399900004267693,27,99.7508697509766,97.7573928833008,82.609756097561,0.176700981019673,0.654949298815821,0.168349720164506,"Europe","(4.41e+04,9.9e+04]","(4.41e+04,9.9e+04]",1,3,26.598758207802,11.133569526637,6,38,11,0,17,5,0,71,72,0,0,2,3
"8","Netherlands","NLD",0.82,8,8,2.23,"119","Netherlands",15,7,0.75799494,0.8735156615,0.6985871272,0.8573636319,0.532411,0.3697872307,0.8300227842,0.802,0.7048917956,0.8575600494,0.8698,0.9,0.8,0.015,0.52,0.25,36.7,44.85511453,16900000,8.326e+11,0.019,0.006,49165.8,0.061,0.002,72648800000,0.676,0.0517509984970093,0.0185764002799988,0.00971459984779358,28.5,99.7508697509766,97.7573928833008,81.7609756097561,0.163531299843661,0.6485473799459,0.187921320210439,"Europe","(4.41e+04,9.9e+04]","(4.41e+04,9.9e+04]",1,3,27.4478191717073,10.8029535388199,6,41,21,0,39,15,0,116,18,1,2,1,1
"9","Germany","DEU",0.81,12,8,1.87,"62","Germany",26,15,0.7380448813,0.82910546,0.7954604919,0.7773933465,0.61909,0.4135554491,0.8991941995,0.866,0.4283003849,0.8586392436,0.8698,0.8,0.7,0.015,0.45,0.158,36.1,43.95316165,81400000,3.8406e+12,0.015,0.016,46893.2,0.046,0.001,31719300000,0.71,0.0488274002075195,0.0471584987640381,0.00529299974441528,28.8,99.7508697509766,97.7573928833008,80.9926829268293,0.134506883625113,0.65177823589612,0.213714880478767,"Europe","(4.41e+04,9.9e+04]","(4.41e+04,9.9e+04]",1,3,28.9766497203224,10.7556279545834,6,41,16,0,34,15,0,106,33,0,1,3,2
"10","Luxembourg","LUX",0.82,8,6,2.08,"99","Luxembourg",14,6,0.7593921527,0.8577108093,0.7703427525,0.783,0.645,0.4603929573,0.9904995595,0.686,0.4381736584,0.8617860952,0.8698,0.95,0.8,0.015,0.42,0.19,37.8,41.54415221,6e+05,5.57e+10,0.045,0.029,98987.2,0.059,0.001,24595800000,0.218,0.0356959009170532,0.0575457000732422,0.0056809002161026,34.5,99.7508697509766,97.7573928833008,82.0951219512195,0.160651112500211,0.698281833386832,0.141067054112956,"Europe","(4.41e+04,9.9e+04]","(4.41e+04,9.9e+04]",1,3,24.7432459838796,11.5027458278284,6,27,1,0,15,2,0,45,89,0,0,1,1
"11","Australia","AUS",0.77,13,9,1.4,"7","Australia",5,4,0.8101579706,0.8171332521,0.9294217687,0.7481172512,0.631875,0.589884392,0.8456069596,0.893,0.8408375734,0.8640194498,0.862,0.8,0.9,0.019,0.45,0.3,27.5,37.249,23900000,1.1381e+12,0.025,0.027,47389.1,0.063,0.015,22264500000,0.368,0.0512790012359619,0.0188276994228363,0.00318250000476837,27.5,99.9304428100586,97.2022171020508,82.5,0.190650374095674,0.655309417025767,0.154040208878559,"Asia-Pacific","(1.76e+04,8.53e+04]","(1.76e+04,8.53e+04]",1,3,27.7603813212343,10.7661475234329,6,42,10,8,31,11,1,103,34,0,3,2,1
"12","Canada","CAN",0.82,8,8,1.49,"29","Canada",7,1,0.7850749921,0.8834391378,0.8080193616,0.8164614458,0.774,0.52320264,0.8032741031,0.819,0.7311493634,0.778153853,0.8842,0.8,0.8,0.008,0.33,0.15,30.8,40.297,35900000,1.6319e+12,0.012,0.022,45552.6,0.069,0.011,48642800000,0.915,0.0450202989578247,0.0503872013092041,0.00117499999701977,33.3,99.008659362793,96.4022827148438,81.9,0.158700368165769,0.6728747162393,0.168424915594931,"Americas","(1.73e+04,4.56e+04]","(1.73e+04,4.56e+04]",1,3,28.1207660960833,10.7266229811908,6,42,22,0,37,1,8,110,29,1,2,2,1
"13","United Kingdom","GBR",0.82,8,8,1.7,"174","UnitedKingdom",12,4,0.7643171376,0.9383076819,0.9302066981,0.7828630787,0.651224,0.4193024312,0.4035958701,0.899,0.7275369587,0.849968933,0.8698,0.9,0.8,0.015,0.45,0.2,32.6,43.20104685,64900000,2.6793e+12,0.022,0.021,41158.9,0.055,0.001,39532800000,0.893,0.0544418001174927,0.00127790004014969,0.00430370002985001,35.1,99.7508697509766,97.7573928833008,81.2560975609756,0.1763500937043,0.640738555899797,0.182911350395904,"Europe","(2.85e+04,4.41e+04]","(2.85e+04,4.41e+04]",1,3,28.6165766823044,10.6251954646152,6,42,17,5,42,8,16,130,9,3,0,2,1
"14","Austria","AUT",0.75,16,8,1.17,"8","Austria",30,17,0.7226575917,0.8602104402,0.8178309785,0.752466717,0.5026,0.1929339199,0.7965989235,0.769,0.6762992912,0.8341508298,0.8698,0.9,0.7,0.015,0.5,0.25,43,51.939,8600000,4.043e+11,0.009,0.01,47249.9,0.057,0.008,3837400000,0.862,0.053718900680542,0.00155849993228912,0.00045719999819994,29.7,99.7508697509766,97.7573928833008,81.6439024390244,0.142309193719975,0.66812507305921,0.189565733220815,"Europe","(4.41e+04,9.9e+04]","(4.41e+04,9.9e+04]",1,3,26.7254230135931,10.7632058165175,6,40,5,0,15,14,0,74,70,0,2,0,2
"15","Belgium","BEL",0.75,16,8,1.63,"15","Belgium",49,25,0.6784695432,0.8333004232,0.6928963893,0.7149449917,0.441291,0.09647763187,0.662829056,0.82,0.6109276933,0.8491673333,0.8698,0.85,0.7,0.015,0.5,0.33,44.7,53.944,11200000,4.941e+11,0.014,0.009,43585,0.087,0.006,31029500000,1.063,0.0642534017562866,0.0138068997859955,0.0027590000629425,27.4,99.7508697509766,97.7573928833008,81.4926829268293,0.170364792638156,0.643794416479243,0.185840790882601,"Europe","(2.85e+04,4.41e+04]","(2.85e+04,4.41e+04]",1,3,26.9260037627981,10.6824683334457,6,39,14,0,23,3,1,80,62,0,1,2,2
"16","Estonia","EST",0.71,21,10,2.21,"54","Estonia",6,2,0.7905707917,0.8260703477,0.8279696494,0.6992252855,0.811759,0.5577241552,0.9979480672,0.77,0.5690068831,0.8573461129,0.8698,0.9,0.8,0.015,0.2,0.2,32.9,38.949,1300000,3.75e+10,0.011,0.037,28591.8,0.059,0.001,207700000,0.101,0.0495629978179932,0.0131356000900269,0.0243253993988037,30.4,99.7508697509766,97.7573928833008,78.0926829268293,0.162218904190573,0.64464942132349,0.193131674485937,"Europe","(2.85e+04,4.41e+04]","(2.85e+04,4.41e+04]",1,3,24.3476067699228,10.2608752424111,6,40,14,0,16,2,0,72,71,0,1,0,4
"17","Iceland","ISL",0.77,13,7,4.38,"73","Iceland",22,12,0.7438675108,0.8501479417,0.7149398221,0.715,0.709107,0.411350456,0.9061996926,0.902,0.6257219073,0.8119433098,0.88,0.8,0.6,0.01,0.318,0.2,38.7,43.597,3e+05,1.52e+10,0.04,0.027,46097,0.044,0.016,-76200000,0.676,0.0758385992050171,0.00482520014047623,0.000476499982178211,26.1,99.7508697509766,97.7573928833008,82.6609756097561,0.199896528934517,0.655848059020374,0.144255412045109,"Europe","(4.41e+04,9.9e+04]","(4.41e+04,9.9e+04]",1,3,23.4445612647986,10.7385031509453,6,31,5,0,9,0,0,45,89,0,0,0,3
"18","Japan","JPN",0.73,20,9,2.66,"82","Japan",40,10,0.6957872496,0.8936105165,0.7378990058,0.8605609107,0.684606,0.5230591104,0.09527448889,0.823,0.7754576254,0.8297793376,0.8262,0.7,0.6,0.012,0.408,0.239,30.3,39.28,126700000,4.8301e+12,0.005,0.006,38054.2,0.033,0.008,-2.25e+09,2.481,0.0372178506851196,0.00281529992818832,0.0228951001167297,27.5,99.9304428100586,97.2022171020508,84.099756097561,0.128143904375377,0.600761301376108,0.271094794248515,"Asia-Pacific","(1.76e+04,8.53e+04]","(1.76e+04,8.53e+04]",1,3,29.2058882873125,10.5467667382758,6,41,21,0,42,23,7,134,6,2,2,2,0
"19","Ireland","IRL",0.74,19,7,3.68,"78","Ireland",9,3,0.7674306494,0.858,0.7830978545,0.783,0.726874,0.5708758809,0.6027689876,0.803,0.7357084592,0.8760426104,0.8698,0.9,0.7,0.015,0.41,0.125,29.9,35.1557269,4600000,2.574e+11,0.078,0.034,55532.9,0.095,0,100542400000,0.787,0.0346884989738464,0.00492410004138947,0.00028659999370575,31.4,99.7508697509766,97.7573928833008,82.1560975609756,0.216032763908872,0.64890068519016,0.135066550900967,"Europe","(4.41e+04,9.9e+04]","(4.41e+04,9.9e+04]",1,3,26.2738971321084,10.9247309168951,6,36,8,0,34,2,0,80,62,0,0,2,4
"20","Uruguay","URY",0.7,23,7,2.67,"176","Uruguay",38,5,0.6967034341,0.7017546935,0.6681057038,0.703246932,0.775139,0.6938934253,0.7715582371,0.748,0.6291527132,0.7131905041,0.8064,0.85,0.3,0.047,0.3,0.25,26.9,31.837,3400000,7.35e+10,0.015,0.037,21506.5,0.073,0.087,1647200000,0.618,0.0448583984375,0.00261339992284775,0.00305489987134933,39.5,98.9326019287109,98.61572265625,77.632,0.207770319914125,0.645227418284307,0.147002261801567,"Americas","(1.73e+04,4.56e+04]","(1.73e+04,4.56e+04]",1,3,25.0205512431652,9.97611049400598,6,37,0,0,6,0,0,43,92,0,0,0,3
"21","France","FRA",0.7,23,8,1.36,"58","France",72,32,0.6330015129,0.85,0.7265829409,0.6969527821,0.475547,0.02032326347,0.5703698023,0.78,0.4408969638,0.8155454017,0.8198,0.7,0.7,0.015,0.45,0.343,45.2,56.877,64200000,2.6469e+12,0.011,0.008,41180.7,0.106,0.001,42882600000,0.968,0.0545160007476807,0.0115230000019073,0.000584000013768673,31.6,99.7508697509766,97.7573928833008,82.5756097560976,0.181098266879217,0.622211765433074,0.196689967687709,"Europe","(2.85e+04,4.41e+04]","(2.85e+04,4.41e+04]",1,3,28.6044102598426,10.6257249789803,6,41,11,0,32,16,0,100,39,0,2,2,2
"22","Chile","CHL",0.67,26,9,2.03,"33","Chile",10,2,0.765476816,0.6823727886,0.6369047619,0.70486512,0.776,0.82241533,0.9611116902,0.723,0.6429243692,0.8217277317,0.8644,0.85,0.7,0.018,0.35,0.25,19.8,25.829,1.8e+07,4.224e+11,0.021,0.039,23459.6,0.064,0.043,20176200000,0.171,0.0541966009140015,0.0503872013092041,0.0226992011070251,44.4,99.008659362793,96.4022827148438,79.909,0.20024196501231,0.687839092508846,0.111918942478844,"Americas","(1.73e+04,4.56e+04]","(1.73e+04,4.56e+04]",0,3,26.7692185693385,10.0630350717637,6,36,5,0,26,0,0,67,76,0,0,1,4
"23","Spain","ESP",0.57,42,8,3.78,"152","Spain",69,31,0.6357241859,0.7123302207,0.5392464678,0.5716212859,0.625,0.4137046624,0.2693194066,0.669,0.553172104,0.8554960834,0.8698,0.85,0.7,0.015,0.45,0.25,33.2,43.017,46400000,1.6151e+12,0.032,-0.001,34819.5,0.219,-0.005,9.243e+09,0.99,0.0420777988433838,0.00154420003294945,0.0253093004226685,34.7,99.7508697509766,97.7573928833008,83.2829268292683,0.147033379846795,0.66150813288141,0.191458487271796,"Europe","(2.85e+04,4.41e+04]","(2.85e+04,4.41e+04]",0,3,28.1104179901909,10.4579328536556,6,41,20,0,25,0,0,86,55,0,0,3,2
"24","Portugal","PRT",0.63,29,8,2.56,"133","Portugal",77,33,0.6258351195,0.7327763219,0.6892333857,0.5901022432,0.598364,0.251089604,0.321440624,0.864,0.4340774724,0.8591377827,0.8698,0.7,0.6,0.015,0.48,0.21,34.4,48.248,10400000,2.898e+11,0.015,-0.009,27834.8,0.121,0.005,6030600000,1.288,0.050156102180481,0.00341670006513596,0.00617399990558624,33.8,99.7508697509766,96.1505279541016,81.4243902439025,0.136670779014333,0.647752200096282,0.215577020889385,"Europe","(1.87e+04,2.85e+04]","(1.87e+04,2.85e+04]",0,3,26.392456866833,10.2340423153933,6,39,19,0,28,3,0,89,54,0,0,2,2
"25","Botswana","BWA",0.61,34,7,2.74,"21","Botswana",34,2,0.701099595,0.5809339706,0.5397043433,0.5755232649,0.770764,0.6115671133,0.9936788543,0.688,0.6856338854,0.7793897082,0.838,0.65,0.7,0.006,0.25,0.22,34.4,39.746,2100000,3.48e+10,-0.003,0.046,16368.2,0.186,0.03,393600000,0.178,0.0709999990463257,0.099448299407959,0.0894307994842529,37.4,95.3238220214844,87.0466690063477,68.812,0.344388412211802,0.614743229270593,0.0408683585176048,"Sub-Saharan Africa","(5.56e+03,3.18e+04]","(5.56e+03,3.18e+04]",0,3,24.2728832237268,9.70309570708059,6,8,1,0,10,0,0,19,98,0,0,0,1
"26","Lithuania","LTU",0.59,38,9,2.21,"98","Lithuania",16,8,0.757817044,0.7297510519,0.6240188383,0.697,0.869151,0.6412878277,0.9357828177,0.791,0.6355952281,0.9004177641,0.8698,0.7,0.7,0.015,0.15,0.15,29.3,34.881,2900000,8.24e+10,0.016,0.036,28359.1,0.095,-0.007,863400000,0.425,0.0381220006942749,5.89000014588237e-05,0.0022545999288559,37.3,99.7508697509766,96.1505279541016,75.4804878048781,0.147274878102097,0.659715598503416,0.193009523394487,"Europe","(1.87e+04,2.85e+04]","(1.87e+04,2.85e+04]",0,3,25.1348512738618,10.2527032453047,6,41,7,0,20,1,0,69,74,0,0,2,3
"27","Slovenia","SVN",0.61,34,10,2.78,"149","Slovenia",97,38,0.5919619145,0.7504813489,0.5512820513,0.5362940719,0.587144,0.2858217375,0.06132547278,0.806,0.6019308247,0.8534634666,0.8698,0.7,0.5,0.015,0.5,0.17,36.6,44.114,2100000,6.4e+10,0.029,0.006,31007.4,0.093,-0.005,993300000,0.833,0.0478077983856201,0.00772059977054596,0.00182070001959801,24.2,99.7508697509766,97.7573928833008,81.0292682926829,0.14902181377908,0.660745022380146,0.190233163840774,"Europe","(2.85e+04,4.41e+04]","(2.85e+04,4.41e+04]",0,3,24.8821489203061,10.3419811646581,6,42,16,0,32,0,0,90,52,0,0,2,4
"28","Costa Rica","CRI",0.59,38,7,2.98,"39","CostaRica",63,10,0.650305466,0.5164815088,0.5559916274,0.5536527118,0.794139,0.88486957,0.4238639387,0.681,0.538821166,0.8080460694,0.8468,0.7,0.5,0.027,0.25,0.3,23.1,19.955,4800000,7.49e+10,0.037,0.036,15482.3,0.086,0.008,2849600000,0.424,0.0706980991363525,0.0859512996673584,0.0324836993217468,48.3,99.1554107666016,93.0758209228516,79.914,0.215773722341662,0.691721175590723,0.0925051020676152,"Americas","(1.32e+04,1.73e+04]","(1.32e+04,1.73e+04]",0,3,25.0394197274696,9.64745271491835,6,34,1,0,23,0,0,58,81,0,0,0,5
"29","Cyprus","CYP",0.57,42,7,3.78,"43","Cyprus",48,24,0.6785093191,0.7544668561,0.607,0.536,0.730106,0.4883260395,0.7291036,0.758,0.5864500021,0.8328593318,0.8698,0.75,0.5,0.015,0.35,0.125,36.3,41.248,9e+05,2.81e+10,0.016,-0.018,32785.5,0.156,-0.015,4534100000,1.087,0.0575416994094849,0.00448379993438721,0.0134039998054504,31.4,99.7508697509766,97.7573928833008,80.672,0.16836628300265,0.697480159840227,0.134153557157123,"Europe","(2.85e+04,4.41e+04]","(2.85e+04,4.41e+04]",0,3,24.0590354132861,10.3977416234584,6,42,15,0,36,0,0,93,48,0,0,5,1
"30","Latvia","LVA",0.58,40,9,3.21,"92","Latvia",20,11,0.7475486618,0.7256283679,0.597396651,0.673,0.847316,0.5744570619,0.9503534396,0.798,0.7200311804,0.8646012406,0.8698,0.75,0.6,0.015,0.23,0.15,27.8,37.717,2e+06,4.91e+10,0.027,0.037,24712.2,0.098,0.002,643500000,0.348,0.0437029981613159,0.0129531002044678,0.015161999464035,35.6,99.7508697509766,96.1505279541016,74.6292682926829,0.155762629946128,0.645904329718102,0.19833304033577,"Europe","(1.87e+04,2.85e+04]","(1.87e+04,2.85e+04]",0,3,24.6171248717469,10.1150523277997,6,39,8,0,24,13,0,84,57,0,0,3,2
"31","Georgia","GEO",0.56,46,6,3.1,"61","Georgia",13,5,0.7598508577,0.5511653872,0.6654892726,0.6497982947,0.873491,0.7437230504,0.935272544,0.872,0.7586403446,0.7822303992,0.8864,0.8,0.6,0.007,0.2,0.15,25.3,29.145,4500000,3.56e+10,0.028,0.049,9630,0.123,0.04,1350200000,0.412,0.0357442998886108,0.00198500007390976,0.00758960008621216,37.9,99.6408081054688,99.3642578125,73.414,0.195291210452424,0.657973525687527,0.146735263860049,"Europe","[5.01e+03,1.87e+04]","[5.01e+03,1.87e+04]",0,3,24.2956114748044,9.17263850479217,6,42,22,0,42,18,3,127,12,1,2,3,0
"32","Poland","POL",0.6,36,10,1.36,"132","Poland",45,21,0.6826446032,0.608,0.5801282051,0.5546105877,0.759739,0.4694046815,0.7607203091,0.678,0.614587868,0.8467445871,0.8698,0.75,0.7,0.015,0.32,0.19,31.9,41.631,3.8e+07,1.0054e+12,0.036,0.03,26455.3,0.074,-0.009,7489400000,0.513,0.045584602355957,0.0321270990371704,0.0260403990745544,29.7,99.7508697509766,96.1505279541016,77.7536585365854,0.148792802078772,0.681894244434854,0.169312953486375,"Europe","(1.87e+04,2.85e+04]","(1.87e+04,2.85e+04]",0,3,27.6364065882049,10.1832117952853,6,39,23,0,42,9,2,115,22,1,0,5,0
"33","Italy","ITA",0.5,54,8,3.72,"80","Italy",79,34,0.6253385475,0.7460923083,0.5540947148,0.4468187693,0.549379,0.2232048555,0.669217904,0.698,0.5285430229,0.8689119948,0.8698,0.85,0.5,0.015,0.43,0.275,43.6,50.396,60200000,2.1709e+12,0.008,-0.007,35708.3,0.121,0.001,20278700000,1.326,0.0404493999481201,0.0165751004219055,0.0252175998687744,35.9,99.7508697509766,97.7573928833008,82.9463414634147,0.134750705252017,0.640252405238968,0.224996889509015,"Europe","(2.85e+04,4.41e+04]","(2.85e+04,4.41e+04]",0,3,28.4061629440411,10.4831384337426,6,42,22,0,34,18,0,116,18,2,1,1,2
"34","Malaysia","MYS",0.47,62,9,2.67,"104","Malaysia",27,7,0.7377889296,0.8530455697,0.6730115123,0.5182940158,0.853096,0.7873754104,0.7653012555,0.908,0.7305529629,0.8527904286,0.812,0.6,0.5,0.044,0.28,0.24,14.8,25.247,30800000,8.156e+11,0.05,0.053,26314.8,0.029,0.021,11121500000,0.574,0.046753101348877,0.131472797393799,0.00354360014200211,27.5,97.2725601196289,95.082649230957,75.828,0.243437909565021,0.692222570223111,0.064339520211868,"Asia-Pacific","(1.76e+04,8.53e+04]","(1.76e+04,8.53e+04]",0,3,27.4271898756467,10.177886797531,6,40,17,0,42,2,0,101,37,0,2,2,2
"35","Greece","GRC",0.48,59,8,2.98,"64","Greece",127,43,0.5500132733,0.5251740853,0.5607666143,0.4133823336,0.611,0.05377803,0.5807626222,0.743,0.5102141915,0.7822814031,0.8198,0.6,0.4,0.015,0.42,0.29,35.9,55.480995,1.1e+07,2.86e+11,-0.002,-0.038,26448.7,0.249,-0.011,-289500000,1.784,0.0347220993041992,0.0366572999954224,0.0124924004077911,34.4,99.7508697509766,96.1505279541016,81.2878048780488,0.142048072510869,0.643958389509388,0.213993537979744,"Europe","(1.87e+04,2.85e+04]","(1.87e+04,2.85e+04]",0,3,26.3792576477663,10.1829622867402,6,42,33,0,42,9,1,127,12,1,4,1,0
"36","Armenia","ARM",0.35,107,6,3.79,"6","Armenia",33,19,0.7030601651,0.5546615487,0.4254971219,0.434,0.837175,0.816973,0.8292326877,0.785,0.7242785921,0.7277040308,0.8022,0.8,0.7,0.024,0.26,0.2,23.5,26.384,3300000,2.53e+10,0.03,0.043,8467.9,0.163,0.037,180500000,0.466,0.0270759010314941,0.0737140989303589,0.0616014003753662,33.6,99.8470230102539,99.7360687255859,74.797,0.204543887834485,0.684489663273217,0.110966448892298,"Europe","[5.01e+03,1.87e+04]","[5.01e+03,1.87e+04]",0,3,23.9540702326799,9.04403782302112,6,41,18,0,38,2,0,99,41,0,2,2,1
"37","Belarus","BLR",0.44,68,7,4.12,"14","Belarus",104,40,0.5858884863,0.509,0.563,0.376,0.8978,0.487144216,0.9282206307,0.713,0.7460704498,0.6042265397,0.8062,0.3,0.1,0.022,0.13,0.18,23,42.638,9400000,1.677e+11,-0.039,0.012,17654.2,0.061,0.135,1583900000,0.599,0.0479499006271362,0.0129166996479034,0.00857159972190857,25.4,99.7439155578614,99.5501632690429,74.1292682926829,0.167078878812592,0.687169869180976,0.145751252006432,"Europe","[5.01e+03,1.87e+04]","[5.01e+03,1.87e+04]",0,3,25.8454425057756,9.77872899439332,6,40,23,1,42,16,0,122,14,1,1,4,0
"38","Croatia","HRV",0.49,57,10,2.64,"41","Croatia",95,37,0.5938030965,0.6547507443,0.5679618001,0.4341148499,0.667504,0.3129026939,0.4466533684,0.582,0.4329887383,0.8027609636,0.874,0.75,0.6,0.013,0.4,0.2,36.4,47.577,4200000,9.11e+10,0.016,-0.004,21581.4,0.161,-0.005,173900000,0.877,0.0390566992759705,0.0355461001396179,0.0136378002166748,30.4,99.7508697509766,96.1505279541016,77.8268292682927,0.144380264493861,0.655395821564065,0.200223913942074,"Europe","(1.87e+04,2.85e+04]","(1.87e+04,2.85e+04]",0,3,25.2352236412123,9.97958711159199,6,38,25,0,37,2,0,102,35,0,2,3,1
"39","Cuba","CUB",0.47,62,5,2.36,"42","Cuba",178,31,0.3393759167,0.324,0.1,0.418,0.513311,0,0.812,0.2,0.2,0.66,0.6452,0.1,0.1,0.077,0.5,0.3,38.3,64.6,11200000,1.415e+11,0.043,0.028,12580,0.046,0.046,794500000,0.35,0.0461426019668579,0.0272835993766785,0.0431471014022827,44.7,99.156265258789,93.4897003173828,78.662,0.164062997442336,0.688156204984913,0.14778079757275,"Americas","(8.4e+03,1.32e+04]","(8.4e+03,1.32e+04]",0,3,25.6755655540297,9.43986353025443,1,5,1,0,7,0,0,13,102,0,0,0,1
"40","Montenegro","MNE",0.46,64,5,2.45,"114","Montenegro",83,35,0.6197850658,0.5795216038,0.5037284144,0.434,0.830919,0.330618644,0.4427674324,0.72,0.6738421522,0.8246235428,0.8474,0.75,0.5,0.026,0.09,0.09,39.1,47.984,6e+05,1e+10,0.041,0.02,16123.1,0.182,0.016,699100000,0.664,0.0371016001701355,0.0439209985733032,0.0277827000617981,31.1,99.7439155578614,99.5501632690429,76.667,0.182502792548318,0.672020179647302,0.14547702780438,"Europe","[5.01e+03,1.87e+04]","[5.01e+03,1.87e+04]",0,3,23.0258509299405,9.68800830526417,4,21,4,0,10,7,0,42,93,0,0,1,2
"41","Bulgaria","BGR",0.43,71,10,2.66,"23","Bulgaria",47,23,0.6785545597,0.6253573977,0.3888016745,0.4179895818,0.909775,0.5842823675,0.8640307715,0.667,0.6830216831,0.8325962399,0.8698,0.7,0.6,0.015,0.1,0.1,26.5,38.777,7200000,1.369e+11,0.03,0.015,19097.3,0.098,-0.011,1773900000,0.269,0.0409102010726929,0.100508298873901,0.116997203826904,40.4,99.7508697509766,96.1505279541016,74.8146341463415,0.144447319823993,0.647976668313048,0.207576011862959,"Europe","(1.87e+04,2.85e+04]","(1.87e+04,2.85e+04]",0,3,25.6425165692408,9.85730224278573,6,40,31,0,42,1,2,116,18,0,4,2,0
"42","Hungary","HUN",0.45,66,10,2.89,"72","Hungary",56,27,0.6579153558,0.6014019094,0.5179879644,0.4154445392,0.793,0.2534560095,0.7925841676,0.64,0.6442538211,0.9170558582,0.8698,0.75,0.7,0.015,0.15,0.19,38.5,50.232,9900000,2.584e+11,0.029,0.017,26222,0.07,-0.001,1269900000,0.755,0.0461972999572754,0.0355461001396179,0.0257472991943359,30.6,99.7508697509766,96.1505279541016,75.8170731707317,0.143722655591988,0.670498733635751,0.185778610772262,"Europe","(1.87e+04,2.85e+04]","(1.87e+04,2.85e+04]",0,3,26.2777746088549,10.1743540320593,6,40,22,0,34,16,3,115,22,2,1,1,1
"43","Romania","ROU",0.48,59,10,3.12,"135","Romania",39,20,0.6965295003,0.63925008,0.5847069597,0.4594771547,0.873724,0.6525264733,0.9089932999,0.659,0.6248094683,0.8360665676,0.8698,0.75,0.5,0.015,0.16,0.16,27.4,34.341,19800000,4.138e+11,0.037,0.024,20786.9,0.069,-0.006,3388900000,0.394,0.0309539008140564,0.074140100479126,0.116002101898193,36,99.7508697509766,96.1505279541016,75.309756097561,0.154494850378567,0.666687883755184,0.178817265866248,"Europe","(1.87e+04,2.85e+04]","(1.87e+04,2.85e+04]",0,3,26.7486486022579,9.94207825958492,6,42,17,0,42,9,5,115,22,0,3,2,1
"44","South Africa","ZAF",0.43,71,8,3.98,"151","SouthAfrica",81,6,0.6228404087,0.6764538889,0.5966117216,0.4759252538,0.702,0.6841381888,0.6995231476,0.62,0.5889486313,0.7576840726,0.7728,0.4,0.5,0.039,0.41,0.28,22.6,33.705,54900000,7.235e+11,0.013,0.021,13165.2,0.251,0.046,1772400000,0.501,0.0611305999755859,0.191390991210938,0.0755062007904053,37.4,95.3238220214844,87.0466690063477,63.538,0.291502598257042,0.656305615480971,0.0521917862619865,"Sub-Saharan Africa","(5.56e+03,3.18e+04]","(5.56e+03,3.18e+04]",0,3,27.3073663830179,9.48533226361145,6,41,7,0,27,6,0,81,60,0,0,2,4
"45","Ghana","GHA",0.4,81,9,2.56,"63","Ghana",118,19,0.5621811347,0.5160398366,0.4086865515,0.3551992865,0.845416,0.7627909279,0.09249528288,0.596,0.5739243536,0.6448213779,0.6508,0.7,0.6,0.1,0.25,0.25,17.2,24.372,26900000,1.147e+11,0.035,0.076,4266.2,0.063,0.172,3192300000,0.733,0.0362737989425659,0.120507497787476,0.0217846989631653,41.05,63.947811126709,53.4975891113281,63.463,0.378200306887033,0.591301639529467,0.0304980535834993,"Sub-Saharan Africa","(2.63e+03,5.56e+03]","(2.63e+03,5.56e+03]",0,3,25.4655858610817,8.35847878025772,1,5,0,0,1,0,0,6,108,0,0,0,0
"46","Argentina","ARG",0.39,85,8,2.92,"5","Argentina",156,26,0.5040908766,0.3244971211,0.3958006279,0.3819386643,0.626119,0.5463870325,0.5641144953,0.573,0.4608335785,0.509,0.6674,0.5,0.5,0.066,0.35,0.35,35.9,43.947,42400000,9.72e+11,0.012,0.027,22553.6,0.067,0.265,11654900000,0.565,0.0545431995391846,7.79000017791986e-05,0.00432689994573593,41.1,99.008659362793,96.4022827148438,76.372,0.249267703815041,0.640835225051061,0.109897071133897,"Americas","(1.73e+04,4.56e+04]","(1.73e+04,4.56e+04]",0,3,27.6026216414068,10.0236499774217,6,40,20,0,42,9,0,111,26,1,2,1,2
"47","India","IND",0.4,81,9,2.16,"74","India",143,33,0.5263869885,0.5537862011,0.4436813187,0.4429368365,0.77172764,0.7743553275,0.109680512,0.528,0.4160180743,0.7504579525,0.726,0.4,0.4,0.062,0.309,0.346,16.6,27.946,1276300000,7.9652e+12,0.073,0.067,6161.6,0.035,0.049,4.4208e+10,0.672,0.0484067010879516,0.126485595703125,0.0315279495716095,37.4,83.8085060119629,62.8465995788575,69.165,0.274786995727277,0.66538187109893,0.0598311331737929,"Asia-Pacific","(3.95e+03,9.38e+03]","(3.95e+03,9.38e+03]",0,3,29.7061031688309,8.72609176306064,6,42,18,0,30,0,0,90,52,0,0,3,3
"48","Trinidad and Tobago","TTO",0.41,77,6,5.47,"167","TrinidadTobago",87,18,0.6122827139,0.5473708816,0.4871794872,0.368,0.813991,0.57654853,0.5183713096,0.677,0.7139640926,0.7589672656,0.786,0.6,0.5,0.057,0.25,0.25,24.7,39.819,1400000,4.43e+10,-0.018,0.001,32635.5,0.038,0.047,1618600000,0.511,0.0356126999855042,0.0503872013092041,0.00580724999308586,41.1,99.008659362793,96.4022827148438,73.245,0.205385030551443,0.69096909886067,0.103645870587887,"Americas","(1.73e+04,4.56e+04]","(1.73e+04,4.56e+04]",0,3,24.5142505139975,10.3931559319264,1,7,1,0,7,0,0,15,99,0,0,0,1
"49","Turkey","TUR",0.4,81,8,1.8,"169","Turkey",60,29,0.6523095999,0.6125648975,0.5251831502,0.4067556576,0.755131,0.5769316573,0.9569303886,0.643,0.4852383783,0.7215800698,0.7944,0.75,0.6,0.028,0.35,0.2,28.7,36.959,77700000,1.5888e+12,0.038,0.044,20437.8,0.103,0.077,1.6508e+10,0.326,0.0409102010726929,0.0891417980194092,0.0512309980392456,41.4,99.7508697509766,96.1505279541016,77.161,0.250027571472864,0.667415314649495,0.0825571138776413,"Europe","(1.87e+04,2.85e+04]","(1.87e+04,2.85e+04]",0,3,28.0940001302373,9.92514140643096,6,40,15,0,42,4,1,102,35,0,1,3,2
"50","Colombia","COL",0.37,96,8,2.77,"35","Colombia",37,4,0.6969382492,0.6378124923,0.2522239665,0.3963181168,0.800711,0.7416730304,0.898265174,0.771,0.7793453895,0.770109821,0.8158,0.8,0.7,0.042,0.33,0.25,16.7,29.579,48200000,6.674e+11,0.031,0.046,13846.5,0.1,0.05,12107600000,0.494,0.0453551006317139,0.0750453996658325,0.0265404009819031,49.7,99.1554107666016,93.0758209228516,76.925,0.235569125467782,0.682439989221801,0.0819908853104178,"Americas","(1.32e+04,1.73e+04]","(1.32e+04,1.73e+04]",0,3,27.2266554032637,9.53578777209832,6,41,2,0,35,3,0,81,60,0,0,1,5
"51","Ecuador","ECU",0.32,117,7,2.66,"49","Ecuador",160,28,0.492933712,0.3865151571,0.2225274725,0.3392856504,0.790684,0.460833108,0.5642773244,0.554,0.472887434,0.6771943977,0.697,0.35,0.4,0.052,0.35,0.22,19.6,39.273,16300000,1.834e+11,0,0.044,11263.6,0.043,0.04,1060100000,0.345,0.0461426019668579,0.0375552010536194,0.0113854002952576,44.7,99.2550506591797,92.8297882080078,76.584,0.283616003254264,0.646872593327007,0.069511403418729,"Americas","(8.4e+03,1.32e+04]","(8.4e+03,1.32e+04]",0,3,25.9349353967688,9.32933156640364,6,38,6,0,20,2,0,66,78,0,0,1,4
"52","Brazil","BRA",0.37,96,8,4.24,"22","Brazil",140,25,0.5285319766,0.5502714623,0.4971350078,0.3340706083,0.701191,0.531458784,0.2284155398,0.613,0.5229581416,0.6696831751,0.6942,0.5,0.5,0.078,0.275,0.34,32.8,41.901,204500000,3.1924e+12,-0.038,0.01,15614.5,0.072,0.09,64647900000,0.737,0.0632047986984253,0.0446414995193481,0.00390789985656738,53.3,99.1554107666016,93.0758209228516,75.456,0.216838368026363,0.697106712029254,0.0860549199443827,"Americas","(1.32e+04,1.73e+04]","(1.32e+04,1.73e+04]",0,3,28.7917941009483,9.6559552487114,6,40,17,0,37,6,1,101,37,0,2,1,3
"53","Kazakhstan","KAZ",0.31,122,9,3.59,"84","Kazakhstan",42,11,0.6898569868,0.5611445338,0.5652145474,0.3796024059,0.932576,0.85677762,0.9891477913,0.745,0.8249077405,0.7391132028,0.7848,0.4,0.5,0.033,0.1,0.2,13.2,23.02,17700000,4.291e+11,0.012,0.048,24267.9,0.056,0.065,4020700000,0.233,0.0275081992149353,0.00425509989261627,0.00823880016803741,27.5,99.9304428100586,97.2022171020508,72.95,0.279148600452245,0.649483167025433,0.071368232522322,"Asia-Pacific","(1.76e+04,8.53e+04]","(1.76e+04,8.53e+04]",0,3,26.7849558289439,10.096909768401,6,40,18,0,35,15,5,113,25,1,2,1,1
"54","Peru","PER",0.37,96,8,3.35,"130","Peru",43,7,0.6889802141,0.5826806673,0.2822475144,0.3882287778,0.803,0.8514634495,0.983841671,0.694,0.6275051937,0.833395296,0.8714,0.75,0.6,0.014,0.3,0.28,16.8,22.58,31900000,3.891e+11,0.033,0.048,12194.7,0.035,0.035,6861200000,0.231,0.0393130993843079,0.00675660014152527,0.00988300025463104,43.3,99.0574798583984,94.1496124267578,76.286,0.263624966281645,0.658267009172855,0.0781080245454995,"Americas","(8.4e+03,1.32e+04]","(8.4e+03,1.32e+04]",0,3,26.6871022169369,9.40875671010143,6,38,27,0,42,1,1,109,30,0,2,3,1
"55","Serbia","SRB",0.41,77,8,2.8,"144","Serbia",99,39,0.5888188831,0.5033454516,0.4024725275,0.3818552453,0.8325,0.402886224,0.4689154604,0.629,0.6591967192,0.8076549687,0.778,0.7,0.5,0.061,0.15,0.15,35,44.74,7200000,9.75e+10,0.007,0.004,13671.4,0.19,0.014,2346600000,0.774,0.0371016001701355,0.0155019998550415,0.0102643001079559,36.2,99.7439155578614,99.5501632690429,75.5390243902439,0.158258875685363,0.662793608065934,0.178947516248703,"Europe","[5.01e+03,1.87e+04]","[5.01e+03,1.87e+04]",0,3,25.3031182149502,9.52306133851939,6,40,30,0,42,4,0,116,18,0,4,2,0
"56","Sri Lanka","LKA",0.38,91,7,1.82,"153","SriLanka",112,25,0.5739437116,0.4802591595,0.4827969649,0.3004103967,0.852551,0.9020714399,0.3115412774,0.728,0.5751506102,0.7595436901,0.745,0.35,0.4,0.053,0.24,0.28,10.7,18.258,21100000,2.23e+11,0.052,0.061,10566.2,0.047,0.009,681200000,0.744,0.0279924988746643,0.0133250999450684,0.00715460002422333,37.3,98.8564605712891,91.895751953125,76.648,0.244070862823381,0.654693205689957,0.101235931486662,"Asia-Pacific","(9.38e+03,1.76e+04]","(9.38e+03,1.76e+04]",0,3,26.1304376084065,9.26541550618415,6,42,8,0,30,0,0,80,62,0,0,3,3
"57","Tanzania","TZA",0.36,103,9,1.55,"162","Tanzania",105,14,0.5858471992,0.337875852,0.2878728414,0.2915645568,0.802576,0.8948048224,0.7658918902,0.501,0.6430815707,0.6958988567,0.7596,0.55,0.5,0.07,0.3,0.3,13.2,18.821,49100000,1.385e+11,0.07,0.068,2904,0.032,0.056,1531500000,0.405,0.044305100440979,0.282295107841492,0.15436710357666,40.5,63.947811126709,53.4975891113281,64.479,0.443164485313565,0.530998902147314,0.0258366125391209,"Sub-Saharan Africa","(2.63e+03,5.56e+03]","(2.63e+03,5.56e+03]",0,3,25.6541361625738,7.97384437594469,2,4,0,0,1,0,0,5,109,0,0,0,0
"58","Indonesia","IDN",0.37,96,9,3.12,"75","Indonesia",84,18,0.6193913294,0.4827138235,0.3925039246,0.4473120004,0.835619,0.8989759099,0.900655886,0.491,0.4891442457,0.7401711622,0.8046,0.35,0.6,0.023,0.3,0.25,10.9,17.359,255100000,2.8422e+12,0.048,0.055,11125.9,0.058,0.064,15508200000,0.273,0.026699800491333,0.0289137506484986,0.0506120014190674,38.1,98.8564605712891,91.895751953125,71.282,0.269149014961264,0.674031501634853,0.0568194834038824,"Asia-Pacific","(9.38e+03,1.76e+04]","(9.38e+03,1.76e+04]",0,3,28.6755995161042,9.31703100263871,6,40,22,0,42,4,0,108,31,0,2,3,1
"59","Albania","ALB",0.38,91,8,1.81,"2","Albania",65,30,0.643530032,0.5401325017,0.284733124,0.3970736737,0.868904,0.7249970367,0.5154094183,0.793,0.5066095654,0.8143010644,0.8772,0.7,0.7,0.011,0.23,0.15,23.6,30.038,2800000,3.27e+10,0.026,0.019,11300.8,0.173,0.019,1003300000,0.719,0.0361172008514404,0.0607263994216919,0.0222159004211426,33.2,99.7439155578614,99.5501632690429,78.333,0.180283124879298,0.686426142157412,0.13329073296329,"Europe","[5.01e+03,1.87e+04]","[5.01e+03,1.87e+04]",0,3,24.2106409148496,9.33262879865466,6,41,4,0,22,0,0,67,76,0,0,1,5
"60","El Salvador","SLV",0.33,112,7,3.25,"51","ElSalvador",66,12,0.6412277818,0.453433417,0.3535452643,0.3167538699,0.790071,0.8590279659,0.7467791684,0.573,0.5449225464,0.7922001499,0.865,0.8,0.6,0.018,0.3,0.3,17.3,21.713,6400000,5.29e+10,0.024,0.021,8302.5,0.064,-0.007,428700000,0.589,0.037252299785614,0.172143306732178,0.145668601989746,38,97.9804534912109,88.4827117919922,72.872,0.274456233330401,0.644496680247071,0.0810470864225283,"Americas","[1.75e+03,8.4e+03]","[1.75e+03,8.4e+03]",0,3,24.6916691758107,9.0243119532509,4,25,5,0,25,2,0,57,83,0,0,1,3
"61","Kosovo","KSV",0.39,85,5,2.13,"185","Kosovo",46,22,0.6785670639,0.703,0.58,0.459,0.935479,0.777618032,0.8889807018,0.688,0.6526059674,0.8001210659,0.708,0.65,0.3,0.071,0.1,0.1,21.1,27.376,1900000,1.74e+10,0.033,0.03,9255,0.163,-0.005,359800000,0.192,0.0371016001701355,0.0439209985733032,0.0162401002645493,29,99.7439155578614,99.5501632690429,71.9951219512195,0.167078878812592,0.684489663273217,0.145751252006432,"Europe","[5.01e+03,1.87e+04]","[5.01e+03,1.87e+04]",0,3,23.5797360431669,9.1329192250076,5,29,1,0,22,2,1,55,85,0,0,1,2
"62","Thailand","THA",0.37,96,9,2.03,"163","Thailand",55,13,0.6622028537,0.5125079969,0.4171899529,0.4070471466,0.810275,0.8525207248,0.9627383196,0.699,0.6279864512,0.7289686526,0.8282,0.5,0.6,0.036,0.35,0.2,16.5,22.348,68800000,1.1081e+12,0.028,0.029,16097.4,0.011,-0.009,10844600000,0.431,0.033557300567627,0.0289137506484986,0.0242200502753258,36.5,98.8564605712891,91.895751953125,76.683,0.173538216619869,0.7120921441628,0.114369639217331,"Asia-Pacific","(9.38e+03,1.76e+04]","(9.38e+03,1.76e+04]",0,3,27.7336679528887,9.6864130472483,6,41,30,0,42,17,1,131,7,3,0,2,1
"63","Vietnam","VNM",0.35,107,8,2.78,"180","Vietnam",147,35,0.5243755105,0.4971177505,0.3202511774,0.2464898079,0.795976,0.746474716,0.2110870535,0.612,0.621525037,0.7601845832,0.8314,0.25,0.4,0.034,0.35,0.22,18.2,28.665,91600000,5.523e+11,0.067,0.059,6024.4,0.021,0.006,1.18e+10,0.593,0.0408553981781006,0.126485595703125,0.0315279495716095,37.4,83.8085060119629,62.8465995788575,75.241,0.230975510865422,0.698714209653194,0.0703102794813837,"Asia-Pacific","(3.95e+03,9.38e+03]","(3.95e+03,9.38e+03]",0,3,27.0373572138536,8.70357316833769,6,42,36,0,42,21,14,155,3,4,1,1,0
"64","Bosnia and Herzegovina","BIH",0.38,91,7,2.56,"20","BosniaHerzegovina",92,36,0.602219829,0.4120706306,0.3999215071,0.3270177927,0.834839,0.337403396,0.8927779217,0.474,0.5930539967,0.839753703,0.8658,0.65,0.6,0.017,0.1,0.1,38.1,46.827,3900000,4.05e+10,0.028,0.013,10491.8,0.303,-0.01,249500000,0.455,0.0371016001701355,0.0682525014877319,0.118051500320435,31.1,99.7439155578614,99.5501632690429,77.128,0.147957123995793,0.694545318921983,0.157497557082224,"Europe","[5.01e+03,1.87e+04]","[5.01e+03,1.87e+04]",0,3,24.4245678110589,9.25834927866249,6,41,15,0,39,0,0,95,44,0,0,4,2
"65","Mongolia","MNG",0.36,103,9,1.4,"113","Mongolia",129,29,0.5476115031,0.5128192589,0.2836211408,0.3675199258,0.871331,0.57609757,0,0.672,0.7658995091,0.7226496322,0.7494,0.45,0.6,0.05,0.1,0.25,23.7,33.837,3e+06,3.61e+10,0.023,0.103,12146.6,0.071,0.059,195100000,0.765,0.0408859014511108,0.0289137506484986,0.00592299997806549,37.3,98.8564605712891,91.895751953125,69.509,0.299497781800034,0.660564020777279,0.0399381974226874,"Asia-Pacific","(9.38e+03,1.76e+04]","(9.38e+03,1.76e+04]",0,3,24.3095587022852,9.40480457421652,6,37,12,0,42,1,1,93,48,0,1,2,3
"66","Panama","PAN",0.37,96,7,1.79,"127","Panama",54,8,0.6626311188,0.6108944785,0.2146127682,0.4085113382,0.851896,0.83078125,0.8490210734,0.744,0.4296754693,0.7837810482,0.7784,0.75,0.7,0.061,0.25,0.25,15.2,23.16,4e+06,8.72e+10,0.058,0.079,21764.6,0.052,0.001,5038600000,0.388,0.0288224005699158,0.121788597106934,0.132182598114014,49.9,99.008659362793,96.4022827148438,78.149,0.273394729530685,0.647506105164425,0.0790991653048905,"Americas","(1.73e+04,4.56e+04]","(1.73e+04,4.56e+04]",0,3,25.1914701678613,9.98804007568749,1,7,3,0,5,0,0,15,99,0,0,0,1
"67","Philippines","PHL",0.34,111,9,1.9,"131","Philippines",58,14,0.6560568461,0.4918392141,0.3714024071,0.3866463263,0.789104,0.8938476459,0.972427262,0.626,0.5717913487,0.8056239495,0.764,0.6,0.6,0.043,0.32,0.3,13.6,19.362,101400000,7.41e+11,0.058,0.059,7254.2,0.067,0.014,5.234e+09,0.371,0.0440000009536743,0.126485595703125,0.0324850988388062,37.4,83.8085060119629,62.8465995788575,70.952,0.314680085202537,0.635948947887491,0.0493709669099723,"Asia-Pacific","(3.95e+03,9.38e+03]","(3.95e+03,9.38e+03]",0,3,27.3312664622425,8.88933589045809,6,42,25,0,42,11,0,120,17,0,3,3,0
"68","Nepal","NPL",0.31,122,6,2,"118","Nepal",125,26,0.5510815611,0.3729875618,0.3201203558,0.2666761511,0.849079,0.894872224,0.9835629155,0.646,0.4763826977,0.7220978273,0.6812,0.1,0.3,0.109,0.25,0.25,16.1,19.878,28400000,7.01e+10,0.034,0.042,2465.2,0.031,0.072,51400000,0.287,0.0476722002029419,0.0533436012268066,0.0352287006378174,37.3,92.9507598876953,72.8929672241211,70.169,0.31336510561534,0.629988020344461,0.056646874040199,"Asia-Pacific","[1.95e+03,3.95e+03]","[1.95e+03,3.95e+03]",0,3,24.973188630987,7.81002821908809,6,0,1,0,2,0,0,3,110,0,0,0,0
"69","Ukraine","UKR",0.3,130,9,2.27,"172","Ukraine",166,44,0.4809176552,0.4141307424,0.2260596546,0.2923775575,0.786224,0.3823328125,0.6786112484,0.621,0.4881448639,0.4735309827,0.8586,0.25,0.3,0.021,0.2,0.18,37.6,43.241,42700000,3.395e+11,-0.099,-0.021,7970.8,0.099,0.487,2.961e+09,0.802,0.0541226005554199,0.0439209985733032,0.0162401002645493,26,99.7439155578614,99.5501632690429,71.7809756097561,0.156289572025388,0.682158166427496,0.161552261547116,"Europe","[5.01e+03,1.87e+04]","[5.01e+03,1.87e+04]",0,1,26.5507397839452,8.98354014315843,6,42,30,0,36,10,4,122,14,1,2,2,1
"70","Bolivia","BOL",0.33,112,6,2.98,"19","Bolivia",168,30,0.4769645774,0.2570821338,0.1541732077,0.3260211096,0.861064,0.4905784624,0.8136426737,0.589,0.358,0.6638133416,0.7602,0.05,0.4,0.045,0.13,0.25,24.4,41.935,11500000,7.44e+10,0.048,0.055,6465.3,0.036,0.041,503400000,0.397,0.0404145991802216,0.145239601135254,0.0843424987792969,44.6,97.9804534912109,88.4827117919922,70.945,0.315346173965445,0.614195037816536,0.0704587882180194,"Americas","[1.75e+03,8.4e+03]","[1.75e+03,8.4e+03]",0,3,25.0327217787855,8.77420469384164,6,24,0,0,17,0,0,41,94,0,0,0,4
"71","Kenya","KEN",0.28,143,9,1.94,"85","Kenya",135,27,0.534770027,0.4510906474,0.4268707483,0.2470508382,0.785031,0.77886868,0.1444773856,0.5,0.6243826764,0.737668348,0.6718,0.55,0.5,0.089,0.3,0.3,18.7,28.598,44100000,1.419e+11,0.056,0.055,3207.7,0.092,0.066,1.437e+09,0.527,0.0536668014526367,0.282295107841492,0.151665849685669,41.05,63.947811126709,53.4975891113281,65.909,0.403500123513719,0.573938820427461,0.0225610560588208,"Sub-Saharan Africa","(2.63e+03,5.56e+03]","(2.63e+03,5.56e+03]",0,1,25.6783884211124,8.07330944840402,6,3,0,0,3,2,0,8,107,0,0,0,0
"72","Mexico","MEX",0.29,135,9,1.69,"110","Mexico",70,14,0.6355098529,0.5809025368,0.3871140764,0.2995371816,0.748691,0.7673021099,0.6682363839,0.707,0.5794207371,0.7879142091,0.8,0.7,0.6,0.05,0.35,0.3,19.7,27.591,121100000,2.2272e+12,0.025,0.028,17534.4,0.043,0.027,30284600000,0.54,0.0451821994781494,0.0593955993652344,0.00728760004043579,41.1,99.1246871948242,94.9727783203125,74.947,0.269392249508412,0.660200045642909,0.0704077048486791,"Americas","(1.73e+04,4.56e+04]","(1.73e+04,4.56e+04]",0,1,28.4317663070865,9.77191994470913,6,42,13,0,39,2,0,96,43,0,1,2,3
"73","Pakistan","PAK",0.32,117,8,2.11,"126","Pakistan",141,32,0.528263699,0.3644180138,0.3405939299,0.3047099665,0.789,0.8726178292,0.3080820196,0.612,0.3775709006,0.7477717284,0.6724,0.55,0.4,0.089,0.3,0.33,11,19.814,1.9e+08,9.31e+11,0.042,0.039,5000,0.054,0.045,864700000,0.644,0.0289951992034912,0.126485595703125,0.0315279495716095,37.4,74.5263824462891,59.1320495605469,66.947,0.35478621035315,0.602075429118137,0.0431383605287132,"Asia-Pacific","(3.95e+03,9.38e+03]","(3.95e+03,9.38e+03]",0,3,27.5595251142235,8.51719319141624,6,23,6,0,29,0,0,58,81,0,0,1,3
"74","Azerbaijan","AZE",0.31,122,7,5.64,"9","Azerbaijan",68,15,0.6359900435,0.5045059177,0.3296049189,0.376,0.877336,0.5754959167,0.973921358,0.715,0.7495048081,0.7361116021,0.7444,0.55,0.5,0.053,0.25,0.2,14.2,38.544,9500000,1.694e+11,0.011,0.024,17993.4,0.047,0.04,4047700000,0.361,0.0247381997108459,0.00425509989261627,0.0206896996498108,27.5,99.9380493164063,99.7912292480469,72.693,0.232876635802595,0.707226479179956,0.0598968850174499,"Asia-Pacific","(1.76e+04,8.53e+04]","(1.76e+04,8.53e+04]",0,3,25.8555286191644,9.79776030297298,6,37,19,0,42,0,0,98,42,0,0,4,2
"75","Paraguay","PRY",0.29,135,6,3.1,"129","Paraguay",80,17,0.6243078418,0.3821301149,0.2330586081,0.326,0.961775,0.8300061144,0.9510421512,0.624,0.2849298942,0.7827522187,0.766,0.75,0.6,0.042,0.1,0.1,13.5,24.447,7e+06,6.1e+10,0.03,0.05,8707.8,0.049,0.029,282700000,0.238,0.0308968997001648,0.0272835993766785,0.0272662508487702,48.5,99.156265258789,93.4897003173828,73.992,0.297043524151016,0.640546370565225,0.0624101052837597,"Americas","(8.4e+03,1.32e+04]","(8.4e+03,1.32e+04]",0,1,24.8341397011197,9.07197445470437,6,35,1,0,12,0,0,48,88,0,0,0,2
"76","Uganda","UGA",0.26,151,9,2.11,"171","Uganda",91,9,0.6091296311,0.3925632366,0.3459576138,0.2867223674,0.737004,0.9100364533,0.7814510784,0.424,0.8460655727,0.8027552512,0.783,0.6,0.4,0.059,0.4,0.3,11.4,18.017,39200000,7.99e+10,0.05,0.047,2002.6,0.036,0.058,1057300000,0.354,0.0226336002349854,0.487553596496582,0.139053297042847,44.3,71.1166152954102,51.8358001708985,62.516,0.473199381984244,0.507597569174302,0.0192030488414537,"Sub-Saharan Africa","(1.52e+03,2.63e+03]","(1.52e+03,2.63e+03]",0,1,25.1040416897186,7.6022016152737,6,6,5,0,11,0,0,22,95,0,0,0,1
"77","Bangladesh","BGD",0.28,143,8,3.19,"12","Bangladesh",128,28,0.5498164,0.34880078,0.2600078493,0.1913040143,0.727604,0.9400068075,0.786839006,0.534,0.6867421387,0.6864922044,0.636,0.5,0.3,0.107,0.25,0.45,8.6,13.817,159900000,5.765e+11,0.064,0.063,3606.6,0.044,0.064,2235400000,0.34,0.0453353023529053,0.331273918151855,0.0352287006378174,37.3,92.9507598876953,72.8929672241211,72.052,0.282245879874421,0.66625937004745,0.0514947500781286,"Asia-Pacific","[1.95e+03,3.95e+03]","[1.95e+03,3.95e+03]",0,1,27.0802411766555,8.19052077927317,6,42,17,0,42,10,0,111,26,0,2,2,2
"78","Uzbekistan","UZB",0.22,157,7,2.11,"177","Uzbekistan",148,36,0.5226452222,0.48,0.419,0.275,0.907,0.6618090975,0.9977127673,0.648,0.5041248758,0.6110959263,0.668,0,0.1,0.066,0.22,0.075,19.7,34.398,3.1e+07,1.879e+11,0.08,0.081,6068.4,0.101,0.085,1068400000,0.107,0.052813401222229,0.0392283010482788,0.00722959995269775,37.4,83.8085060119629,62.8465995788575,71.388,0.285183238873478,0.672169165092944,0.0426475960335778,"Asia-Pacific","(3.95e+03,9.38e+03]","(3.95e+03,9.38e+03]",0,1,25.9591757433658,8.71085025787394,5,16,18,0,35,0,0,69,74,0,1,0,4
"79","Guatemala","GTM",0.28,143,7,2.19,"65","Guatemala",74,15,0.6300650854,0.4498652838,0.2776687598,0.2746772702,0.792175,0.9482888077,0.9349244311,0.587,0.482018889,0.7937625832,0.8704,0.65,0.5,0.015,0.31,0.31,12.5,12.244,16300000,1.259e+11,0.04,0.038,7737.6,0.027,0.024,1208400000,0.243,0.0295009994506836,0.330915603637695,0.116922903060913,44.6,97.9804534912109,88.4827117919922,73.81,0.350508927890502,0.602527879150835,0.0469631929586632,"Americas","[1.75e+03,8.4e+03]","[1.75e+03,8.4e+03]",0,1,25.5587537779967,8.95384684098042,4,12,0,0,6,2,0,20,97,0,0,0,1
"80","Nigeria","NGA",0.27,148,9,1.97,"123","Nigeria",115,16,0.5705721378,0.3526607367,0.3323129252,0.1217828809,0.851616,0.9524148304,0.8721822758,0.489,0.738706591,0.7129894142,0.6232,0.4,0.4,0.113,0.24,0.3,2.8,11.806,178700000,1.0917e+12,0.027,0.047,6108.4,0.058,0.09,3064200000,0.115,0.051024398803711,0.099448299407959,0.0487274003028869,37.4,95.3238220214844,87.0466690063477,53.95,0.440131179412448,0.532377460928992,0.0274913596585596,"Sub-Saharan Africa","(5.56e+03,3.18e+04]","(5.56e+03,3.18e+04]",0,1,27.7187572302326,8.71742015207903,4,21,5,0,25,0,0,51,87,0,0,0,4
"81","Tajikistan","TJK",0.21,161,5,2.36,"161","Tajikistan",109,23,0.5816732442,0.4545600502,0.4556514914,0.327,0.908616,0.741050556,0.9583868311,0.656,0.4922723775,0.6977416247,0.7388,0.25,0.3,0.056,0.13,0.15,22.8,31.975,8500000,2.33e+10,0.03,0.064,2749.4,0.109,0.058,226800000,0.359,0.0583796977996826,0.192308759689331,0.00546869993209839,37.3,92.9507598876953,72.8929672241211,70.647,0.364524133731099,0.60564872591683,0.0298271403520705,"Asia-Pacific","[1.95e+03,3.95e+03]","[1.95e+03,3.95e+03]",0,1,23.8717191975181,7.91913798503732,6,40,13,0,42,0,0,95,44,0,0,3,3
"82","Honduras","HND",0.29,135,8,2.32,"70","Honduras",100,21,0.5884059017,0.4498176103,0.3816064887,0.3217649354,0.832564,0.7466374837,0.6412250438,0.569,0.311741019,0.7725142392,0.784,0.65,0.6,0.058,0.25,0.25,20.6,27.95,8400000,4.11e+10,0.036,0.035,4868.6,0.039,0.032,1203500000,0.474,0.0493701982498169,0.381854209899902,0.17461389541626,49.4,97.9804534912109,88.4827117919922,74.898,0.323450927472473,0.630940799424076,0.0456082731034521,"Americas","[1.75e+03,8.4e+03]","[1.75e+03,8.4e+03]",0,1,24.4392739584486,8.49056170041532,2,6,0,0,6,0,0,12,104,0,0,0,0
"83","Nicaragua","NIC",0.26,151,8,1.29,"121","Nicaragua",98,20,0.5919355497,0.3107379248,0.1586865515,0.2743894569,0.772039,0.8079325179,0.9614130115,0.59,0.556000794,0.7116273396,0.8104,0.65,0.5,0.02,0.3,0.3,21.9,26.408,6300000,3.13e+10,0.045,0.05,4997.2,0.06,0.04,8.35e+08,0.312,0.0435768985748291,0.251529455184937,0.131295752525329,44.6,97.9804534912109,88.4827117919922,74.068,0.305483953724178,0.643993136247922,0.0505229100279004,"Americas","[1.75e+03,8.4e+03]","[1.75e+03,8.4e+03]",0,1,24.1668839344925,8.51663303455767,4,17,4,0,22,1,0,44,91,0,0,1,2
"84","Cambodia","KHM",0.21,161,8,2.43,"27","Cambodia",94,20,0.5951821986,0.4235759455,0.2206959707,0.1284682577,0.902044,0.8811014608,0.9572256943,0.296,0.6201226048,0.8099524497,0.803,0.6,0.5,0.049,0.2,0.2,13.4,18.158,15500000,5.42e+10,0.069,0.072,3488,0.005,0.012,1.701e+09,0.336,0.0453353023529053,0.192308759689331,0.0919659996032715,37.3,92.9507598876953,72.8929672241211,69.289,0.31272428607452,0.643167339906176,0.0441083740193033,"Asia-Pacific","[1.95e+03,3.95e+03]","[1.95e+03,3.95e+03]",0,1,24.715946745392,8.15708378502887,6,1,0,0,10,0,0,11,105,0,0,0,1
"85","Turkmenistan","TKM",0.19,167,5,1.78,"170","Turkmenistan",170,41,0.4736511506,0.324,0.05,0.296,0.953324,0.9228315592,0.9891645565,0.3,0.2,0.7484936918,0.8,0,0.1,0,0.1,0.08,17.4,16.188,5900000,8.86e+10,0.065,0.106,16444.5,0.1,0.055,4258800000,0.233,0.0351159000396729,0.0289137506484986,0.0242200502753258,37.3,98.8564605712891,91.895751953125,67.956,0.30910314889694,0.648121886868414,0.0427749642346457,"Asia-Pacific","(9.38e+03,1.76e+04]","(9.38e+03,1.76e+04]",0,1,25.2073976945574,9.7077463537827,6,40,11,0,42,0,0,93,48,0,0,2,4
