"","COUNTRY","ISO3","CPI_SCORE_2017","CPI_RANK_2017","N_SOURCES_2017","STD_ERROR_2017","ID","WEBNAME","WORLD_RANK","REGION_RANK","HERITAGE_INDEX_2017","PROPERTY_RIGHTS","JUDICAL_EFFECTIVENESS","GOVERNMENT_INTEGRITY","TAX_BURDEN","GOV_SPENDING","FISCAL_HEALTH","BUSINESS_FREEDOM","LABOR_FREEDOM","MONETARY_FREEDOM","TRADE_FREEDOM","INVESTMENT_FREEDOM","FINANCIAL_FREEDOM","TARIFF_RATE_PRCT","INCOME_TAX_RATE_PRCT","CORPORATE_TAX_RATE_PRCT","TAX_BURDEN_OF_GDP","GOV_EXPENDITURE_OF_GDP","POPULATION","GDP_PPP","GDP_GROWTH_RATE_PRCT","FIVE_YEAR_GDP_GROWTH_RATE_PRCT","GDP_PER_CAPITA_PPP","UNEMPLOYMENT_PRCT","INFLATION_PRCT","FDI_INFLOW","PUBLIC_DEBT_PRCT_OF_GDP","GOV_EXPENDITURE_EDUC_PRCT_OF_GDP","TEENS_OUT_OF_SCHOOL_PRCT","CHILDREN_OUT_OF_SCHOOL_PRCT","GINI_INDEX","LITERACY_RATE_YOUTH","LITERACY_RATE_ADULT","LIFE_EXPECTANCY","POP_AGES_0TO14_PRCT","POP_AGES_15TO64_PRCT","POP_AGES_65_AND_ABOVE_PRCT","TEAM_SIZE","PROBLEM1","PROBLEM2","PROBLEM3","PROBLEM4","PROBLEM5","PROBLEM6","TOTAL","RANK","GOLD_MEDALS","SILVER_MEDALS","BRONZE_MEDALS","HONOURABLE_MENTIONS","REGION","GDP_PER_CAPITA_QUANTILE","factor(GDP_PER_CAPITA_QUANTILE)","DUMMY_CPI","DUMMY_CPI_ORDERED","TAX_BURDEN_PPP","GOV_EXPENDITURE_PPP","PUBLIC_DEBT_PPP","GOV_EXPENDITURE_EDUC_PPP","log_GDP_PPP","log_GDP_PER_CAPITA_PPP","log_TAX_BURDEN_PPP","log_GOV_EXPENDITURE_PPP","log_PUBLIC_DEBT_PPP","log_GOV_EXPENDITURE_EDUC_PPP"
"1","Denmark","DNK",88,2,8,2.75,"45","Denmark",18,9,75.05180722,86.7167085,68.46546311,84.91850963,37.2094,5.730401866,95.4048399,93.9,85.81577922,85.48058439,86.98,90,80,1.5,56,23.5,50.9,55.65932367,5600000,2.587e+11,1.2,0.7,45709.4,6.3,0.5,3641500000,45.6,7.75243997573853,0.545499980449677,0.202209994196892,28.7,99.7508697509766,99.3642578125,81.1024390243903,16.4916924766681,63.8488146240044,19.6594928993276,6,41,5,0,27,4,0,77,65,0,0,1,5,"Europe","(4.52e+04,9.9e+04]","(4.52e+04,9.9e+04]",1,3,1.316783e+13,14399067033429,1.179672e+13,2005556221723.56,26.2789349261384,10.7300592450091,30.2087978496949,30.2981845310664,30.0988426426587,28.3269425555325
"2","New Zealand","NZL",89,1,8,2.4,"120","NewZealand",3,3,83.7456102,96.12604882,88.46153846,89.86956834,70.7724,46.49257966,97.79135465,91.8,86.16695454,90.10687793,87.36,80,80,1.3,33,28,32.4,41.94218454,4600000,1.682e+11,3.4,2.5,36171.6,5.9,0.3,-985800000,30.4,6.25973987579346,1.95666003227234,0.336305007338524,37.3,98.6015014648438,96.1424331665039,81.6585365853659,19.7161696406279,64.9543793175464,15.3294510418257,6,42,8,0,42,2,0,94,46,0,0,3,3,"Asia-Pacific","(2.43e+04,8.53e+04]","(2.43e+04,8.53e+04]",1,3,5.44968e+12,7054675439628,5.11328e+12,1052888247108.46,25.8484195844853,10.4960295595221,29.3265780072835,29.5847116958701,29.2628621928974,27.6825582153463
"3","Finland","FIN",85,3,8,2.84,"57","Finland",24,13,73.98678112,90.56027165,82.73809524,90.03389831,66.6155,0,77.25382513,90.2,53.35955502,85.1002281,86.98,85,80,1.5,31.8,20,43.9,58.466,5500000,2.25e+11,0.4,0,41120,9.6,-0.2,8289600000,62.4,6.36311006546021,0.474689990282059,1.15208995342255,27.4,99.7508697509766,99.3642578125,81.6317073170732,16.2511650912268,62.4700823080137,21.2787526007594,6,40,4,0,10,1,1,56,84,0,0,0,6,"Europe","(2.85e+04,4.52e+04]","(2.85e+04,4.52e+04]",1,3,9.8775e+12,1.315485e+13,1.404e+13,1431699764728.55,26.1393662391508,10.624249900129,29.921280559232,30.2078116278472,30.2729315145262,27.9898835009825
"4","Singapore","SGP",84,6,9,2.26,"147","Singapore",2,2,88.58000702,97.09988066,91.49659864,87.91110657,90.4744,90.106432,80.6978048,95.1,90.77490371,84.29895788,90,85,80,0,22,17,13.4,20.29,5500000,4.719e+11,2,4,85253.2,3.3,-0.5,65262400000,98.2,2.76826000213623,0.064630001783371,0.0308100003749132,37.3,99.9304428100586,97.2022171020508,83.0951219512195,12.2124560773127,77.2076444440396,10.5798994786478,6,42,26,0,37,22,4,131,7,2,1,2,1,"Asia-Pacific","(2.43e+04,8.53e+04]","(2.43e+04,8.53e+04]",1,3,6.32346e+12,9.574851e+12,4.634058e+13,1306341895008.09,26.8800329356788,11.3533809310982,29.4752876426356,29.8901610895165,31.4670391510392,27.8982519004305
"5","Sweden","SWE",84,6,8,2.27,"157","Sweden",19,10,74.91320705,88.56108979,82.18210361,87.36065615,44.4371,21.74543867,93.39689987,90.8,53.21890464,85.27629185,86.98,85,80,1.5,57,22,42.7,49.265,9800000,4.734e+11,4.1,2,47922.2,7.4,0.7,12579400000,44.1,7.56883001327515,0.801060020923615,0.275759994983673,28.8,99.7508697509766,99.3642578125,82.409756097561,17.495166026983,62.5134176068078,19.9914163662092,6,42,13,0,27,8,1,91,51,0,1,2,3,"Europe","(4.52e+04,9.9e+04]","(4.52e+04,9.9e+04]",1,3,2.021418e+13,2.3322051e+13,2.087694e+13,3583084128284.46,26.8832065340263,10.7773341415853,30.6374054542609,30.7804204238007,30.6696663164791,28.9072450338207
"6","Switzerland","CHE",85,3,7,1.71,"158","Switzerland",4,1,81.45214811,86.93010138,77.62951334,80.3,70.8959,67.48557435,95.78139623,76.8,72.19747987,84.40581213,90,85,90,0,11.5,8.5,27.1,32.971,8200000,4.823e+11,0.9,1.5,58551.5,4.3,-1.1,6.8838e+10,45.6,4.9515700340271,1.48403000831604,0.146380007266998,32.7,99.7508697509766,99.3642578125,83.5512195121951,14.8724946793942,66.6966381907622,18.4308671298436,6,42,9,0,22,10,0,83,58,0,0,1,5,"Europe","(4.52e+04,9.9e+04]","(4.52e+04,9.9e+04]",1,3,1.307033e+13,15901913300000,2.199288e+13,2388142227411.27,26.9018321640213,10.9776619878266,30.201365891907,30.3974605512486,30.7217398805417,28.5015368689028
"7","Norway","NOR",85,3,8,1.83,"124","Norway",25,14,73.97225605,86.67441746,83.34641549,88.33960997,55.6,38.53239325,98.43860104,89.5,48.82210401,75.75353134,87.66,75,60,1.2,47.8,25,39.1,47.652,5200000,3.562e+11,1.6,1.7,68430.2,4.2,2.2,-4238600000,27.9,7.91198015213013,0.801060020923615,0.0399900004267693,27,99.7508697509766,99.3642578125,82.609756097561,17.6700981019673,65.4949298815821,16.8349720164506,6,38,11,0,17,5,0,71,72,0,0,2,3,"Europe","(4.52e+04,9.9e+04]","(4.52e+04,9.9e+04]",1,3,1.392742e+13,16973642400000,9.93798e+12,2818247330188.75,26.598758207802,11.133569526637,30.2648806747933,30.4626828097391,29.9273848966293,28.6671362935411
"8","Netherlands","NLD",82,8,8,2.23,"119","Netherlands",15,7,75.799494,87.35156615,69.85871272,85.73636319,53.2411,36.97872307,83.00227842,80.2,70.48917956,85.75600494,86.98,90,80,1.5,52,25,36.7,44.85511453,16900000,8.326e+11,1.9,0.6,49165.8,6.1,0.2,72648800000,67.6,5.17509984970093,1.85764002799988,0.971459984779358,28.5,99.7508697509766,99.3642578125,81.7609756097561,16.3531299843661,64.85473799459,18.7921320210439,6,41,21,0,39,15,0,116,18,1,2,1,1,"Europe","(4.52e+04,9.9e+04]","(4.52e+04,9.9e+04]",1,3,3.055642e+13,37346368357678,5.628376e+13,4308788134860.99,27.4478191717073,10.8029535388199,31.0505959267678,31.2512567900538,31.6614271547562,29.0916778053008
"9","Germany","DEU",81,12,8,1.87,"62","Germany",26,15,73.80448813,82.910546,79.54604919,77.73933465,61.909,41.35554491,89.91941995,86.6,42.83003849,85.86392436,86.98,80,70,1.5,45,15.8,36.1,43.95316165,81400000,3.8406e+12,1.5,1.6,46893.2,4.6,0.1,31719300000,71,4.88274002075195,4.71584987640381,0.529299974441528,28.8,99.7508697509766,99.3642578125,80.9926829268293,13.4506883625113,65.177823589612,21.3714880478767,6,41,16,0,34,15,0,106,33,0,1,3,2,"Europe","(4.52e+04,9.9e+04]","(4.52e+04,9.9e+04]",1,3,1.3864566e+14,168806512632990,2.726826e+14,18752651323699.9,28.9766497203224,10.7556279545834,32.5629425856613,32.7597742792951,33.2393295973637,30.562356262279
"10","Luxembourg","LUX",82,8,6,2.08,"99","Luxembourg",14,6,75.93921527,85.77108093,77.03427525,78.3,64.5,46.03929573,99.04995595,68.6,43.81736584,86.17860952,86.98,95,80,1.5,42,19,37.8,41.54415221,6e+05,5.57e+10,4.5,2.9,98987.2,5.9,0.1,24595800000,21.8,3.56959009170532,5.75457000732422,0.56809002161026,34.5,99.7508697509766,99.3642578125,82.0951219512195,16.0651112500211,69.8281833386832,14.1067054112956,6,27,1,0,15,2,0,45,89,0,0,1,1,"Europe","(4.52e+04,9.9e+04]","(4.52e+04,9.9e+04]",1,3,2.10546e+12,2314009278097,1.21426e+12,198826168107.986,24.7432459838796,11.5027458278284,28.3755550865052,28.4700027542413,27.8251559536747,26.0156967528282
"11","Australia","AUS",77,13,9,1.4,"7","Australia",5,4,81.01579706,81.71332521,92.94217687,74.81172512,63.1875,58.9884392,84.56069596,89.3,84.08375734,86.40194498,86.2,80,90,1.9,45,30,27.5,37.249,23900000,1.1381e+12,2.5,2.7,47389.1,6.3,1.5,22264500000,36.8,5.12790012359619,1.88276994228363,0.318250000476837,37.3,98.6015014648438,96.1424331665039,82.5,19.0650374095674,65.5309417025767,15.4040208878559,6,42,10,8,31,11,1,103,34,0,3,2,1,"Asia-Pacific","(2.43e+04,8.53e+04]","(2.43e+04,8.53e+04]",1,3,3.129775e+13,42393086900000,4.188208e+13,5836063130664.82,27.7603813212343,10.7661475234329,31.0745673259068,31.3780064200619,31.3658791664091,29.3950775639851
"12","Canada","CAN",82,8,8,1.49,"29","Canada",7,1,78.50749921,88.34391378,80.80193616,81.64614458,77.4,52.320264,80.32741031,81.9,73.11493634,77.8153853,88.42,80,80,0.8,33,15,30.8,40.297,35900000,1.6319e+12,1.2,2.2,45552.6,6.9,1.1,48642800000,91.5,4.49046504497529,5.03872013092041,0.117499999701977,33.3,99.008659362793,96.4022827148438,81.9,15.8700368165769,67.28747162393,16.8424915594931,6,42,22,0,37,1,8,110,29,1,2,2,1,"Americas","(2.16e+04,4.56e+04]","(2.16e+04,4.56e+04]",1,3,5.026252e+13,65760674300000,1.4931885e+14,7327989906895.17,28.1207660960833,10.7266229811908,31.5482807860628,31.8170431205777,32.6371050683648,29.6227223659653
"13","United Kingdom","GBR",82,8,8,1.7,"174","UnitedKingdom",12,4,76.43171376,93.83076819,93.02066981,78.28630787,65.1224,41.93024312,40.35958701,89.9,72.75369587,84.9968933,86.98,90,80,1.5,45,20,32.6,43.20104685,64900000,2.6793e+12,2.2,2.1,41158.9,5.5,0.1,39532800000,89.3,5.44418001174927,0.127790004014969,0.430370002985001,35.1,99.7508697509766,99.3642578125,81.2560975609756,17.63500937043,64.0738555899797,18.2911350395904,6,42,17,5,42,8,16,130,9,3,0,2,1,"Europe","(2.85e+04,4.52e+04]","(2.85e+04,4.52e+04]",1,3,8.734518e+13,115748564825205,2.3926149e+14,14586591505479.8,28.6165766823044,10.6251954646152,32.100888970677,32.3824414098997,33.1085781701868,30.3111238326287
"14","Austria","AUT",75,16,8,1.17,"8","Austria",30,17,72.26575917,86.02104402,81.78309785,75.2466717,50.26,19.29339199,79.65989235,76.9,67.62992912,83.41508298,86.98,90,70,1.5,50,25,43,51.939,8600000,4.043e+11,0.9,1,47249.9,5.7,0.8,3837400000,86.2,5.3718900680542,0.155849993228912,0.045719999819994,29.7,99.7508697509766,99.3642578125,81.6439024390244,14.2309193719975,66.812507305921,18.9565733220815,6,40,5,0,15,14,0,74,70,0,2,0,2,"Europe","(4.52e+04,9.9e+04]","(4.52e+04,9.9e+04]",1,3,1.73849e+13,20998937700000,3.485066e+13,2171855154514.31,26.7254230135931,10.7632058165175,30.4866231292867,30.6754929666582,31.1820931912628,28.406602828168
"15","Belgium","BEL",75,16,8,1.63,"15","Belgium",49,25,67.84695432,83.33004232,69.28963893,71.49449917,44.1291,9.647763187,66.2829056,82,61.09276933,84.91673333,86.98,85,70,1.5,50,33,44.7,53.944,11200000,4.941e+11,1.4,0.9,43585,8.7,0.6,31029500000,106.3,6.42534017562866,1.38068997859955,0.27590000629425,27.4,99.7508697509766,99.3642578125,81.4926829268293,17.0364792638156,64.3794416479243,18.5840790882601,6,39,14,0,23,3,1,80,62,0,1,2,2,"Europe","(2.85e+04,4.52e+04]","(2.85e+04,4.52e+04]",1,3,2.208627e+13,26653730400000,5.252283e+13,3174760580778.12,26.9260037627981,10.6824683334457,30.7259772644176,30.9139502342304,31.592269048146,28.786253337801
"16","Estonia","EST",71,21,10,2.21,"54","Estonia",6,2,79.05707917,82.60703477,82.79696494,69.92252855,81.1759,55.77241552,99.79480672,77,56.90068831,85.73461129,86.98,90,80,1.5,20,20,32.9,38.949,1300000,3.75e+10,1.1,3.7,28591.8,5.9,0.1,207700000,10.1,4.95629978179932,1.31356000900269,2.43253993988037,30.4,99.7508697509766,99.3642578125,78.0926829268293,16.2218904190573,64.464942132349,19.3131674485937,6,40,14,0,16,2,0,72,71,0,1,0,4,"Europe","(2.85e+04,4.52e+04]","(2.85e+04,4.52e+04]",1,3,1.23375e+12,1460587500000,3.7875e+11,185861241817.474,24.3476067699228,10.2608752424111,27.8410794276941,28.009859867969,26.66014219377,25.9482662205204
"17","Iceland","ISL",77,13,7,4.38,"73","Iceland",22,12,74.38675108,85.01479417,71.49398221,71.5,70.9107,41.1350456,90.61996926,90.2,62.57219073,81.19433098,88,80,60,1,31.8,20,38.7,43.597,3e+05,1.52e+10,4,2.7,46097,4.4,1.6,-76200000,67.6,7.58385992050171,0.482520014047623,0.0476499982178211,26.1,99.7508697509766,99.3642578125,82.6609756097561,19.9896528934517,65.5848059020374,14.4255412045109,6,31,5,0,9,0,0,45,89,0,0,0,3,"Europe","(4.52e+04,9.9e+04]","(4.52e+04,9.9e+04]",1,3,5.8824e+11,662674400000,1.02752e+12,115274670791.626,23.4445612647986,10.7385031509453,27.1004008648344,27.2195496054468,27.6581692478476,25.4705835591828
"18","Japan","JPN",73,20,9,2.66,"82","Japan",40,10,69.57872496,89.36105165,73.78990058,86.05609107,68.4606,52.30591104,9.527448889,82.3,77.54576254,82.97793376,82.62,70,60,1.2,40.8,23.9,30.3,39.28,126700000,4.8301e+12,0.5,0.6,38054.2,3.3,0.8,-2.25e+09,248.1,4.90160512924195,0.281529992818832,2.28951001167297,37.3,98.6015014648438,96.1424331665039,84.099756097561,12.8143904375377,60.0761301376108,27.1094794248515,6,41,21,0,42,23,7,134,6,2,2,2,0,"Asia-Pacific","(2.43e+04,8.53e+04]","(2.43e+04,8.53e+04]",1,3,1.4635203e+14,1.89726328e+14,1.19834781e+15,23675242934751.5,29.2058882873125,10.5467667382758,32.6170359998278,32.8766037707987,34.7197201780102,30.7954510161836
"19","Ireland","IRL",74,19,7,3.68,"78","Ireland",9,3,76.74306494,85.8,78.30978545,78.3,72.6874,57.08758809,60.27689876,80.3,73.57084592,87.60426104,86.98,90,70,1.5,41,12.5,29.9,35.1557269,4600000,2.574e+11,7.8,3.4,55532.9,9.5,0,100542400000,78.7,3.46884989738464,0.492410004138947,0.028659999370575,31.4,99.7508697509766,99.3642578125,82.1560975609756,21.6032763908872,64.890068519016,13.5066550900967,6,36,8,0,34,2,0,80,62,0,0,2,4,"Europe","(4.52e+04,9.9e+04]","(4.52e+04,9.9e+04]",1,3,7.69626e+12,9049084104060,2.025738e+13,892881963586.806,26.2738971321084,10.9247309168951,29.6717556125051,29.8336846645476,30.6395402875318,27.5177202294524
"20","Uruguay","URY",70,23,7,2.67,"176","Uruguay",38,5,69.67034341,70.17546935,66.81057038,70.3246932,77.5139,69.38934253,77.15582371,74.8,62.91527132,71.31905041,80.64,85,30,4.7,30,25,26.9,31.837,3400000,7.35e+10,1.5,3.7,21506.5,7.3,8.7,1647200000,61.8,4.48583984375,0.261339992284775,0.305489987134933,39.5,98.9326019287109,98.61572265625,77.632,20.7770319914125,64.5227418284307,14.7002261801567,6,37,0,0,6,0,0,43,92,0,0,0,3,"Americas","(1.38e+04,2.16e+04]","(1.38e+04,2.16e+04]",1,3,1.97715e+12,2340019500000,4.5423e+12,329709228515.625,25.0205512431652,9.97611049400598,28.312677529773,28.4811803785968,29.1444546076288,26.5214769772773
"21","France","FRA",70,23,8,1.36,"58","France",72,32,63.30015129,85,72.65829409,69.69527821,47.5547,2.032326347,57.03698023,78,44.08969638,81.55454017,81.98,70,70,1.5,45,34.3,45.2,56.877,64200000,2.6469e+12,1.1,0.8,41180.7,10.6,0.1,42882600000,96.8,5.45160007476807,1.15230000019073,0.0584000013768673,31.6,99.7508697509766,99.3642578125,82.5756097560976,18.1098266879217,62.2211765433074,19.6689967687709,6,41,11,0,32,16,0,100,39,0,2,2,2,"Europe","(2.85e+04,4.52e+04]","(2.85e+04,4.52e+04]",1,3,1.1963988e+14,150547731300000,2.5621992e+14,14429840237903.6,28.6044102598426,10.6257249789803,32.4155073466808,32.6453013013306,33.1770572541251,30.3003194171287
"22","Chile","CHL",67,26,9,2.03,"33","Chile",10,2,76.5476816,68.23727886,63.69047619,70.486512,77.6,82.241533,96.11116902,72.3,64.29243692,82.17277317,86.44,85,70,1.8,35,25,19.8,25.829,1.8e+07,4.224e+11,2.1,3.9,23459.6,6.4,4.3,20176200000,17.1,5.41966009140015,5.03872013092041,2.26992011070251,44.4,99.008659362793,96.4022827148438,79.909,20.024196501231,68.7839092508846,11.1918942478844,6,36,5,0,26,0,0,67,76,0,0,1,4,"Americas","(2.16e+04,4.56e+04]","(2.16e+04,4.56e+04]",0,2,8.36352e+12,10910169600000,7.22304e+12,2289264422607.42,26.7692185693385,10.0630350717637,29.754900507039,30.0207164610239,29.6082970328471,28.4592516690596
"23","Spain","ESP",57,42,8,3.78,"152","Spain",69,31,63.57241859,71.23302207,53.92464678,57.16212859,62.5,41.37046624,26.93194066,66.9,55.3172104,85.54960834,86.98,85,70,1.5,45,25,33.2,43.017,46400000,1.6151e+12,3.2,-0.1,34819.5,21.9,-0.5,9.243e+09,99,4.20777988433838,0.154420003294945,2.53093004226685,34.7,99.7508697509766,99.3642578125,83.2829268292683,14.7033379846795,66.150813288141,19.1458487271796,6,41,20,0,25,0,0,86,55,0,0,3,2,"Europe","(2.85e+04,4.52e+04]","(2.85e+04,4.52e+04]",0,2,5.362132e+13,69476756700000,1.598949e+14,6795985291194.92,28.1104179901909,10.4579328536556,31.6129678661133,31.8720133765919,32.7055378403255,29.5473531554032
"24","Portugal","PRT",63,29,8,2.56,"133","Portugal",77,33,62.58351195,73.27763219,68.92333857,59.01022432,59.8364,25.1089604,32.1440624,86.4,43.40774724,85.91377827,86.98,70,60,1.5,48,21,34.4,48.248,10400000,2.898e+11,1.5,-0.9,27834.8,12.1,0.5,6030600000,128.8,5.0156102180481,0.341670006513596,0.617399990558624,33.8,99.7508697509766,96.1505279541016,81.4243902439025,13.6670779014333,64.7752200096282,21.5577020889385,6,39,19,0,28,3,0,89,54,0,0,2,2,"Europe","(1.94e+04,2.85e+04]","(1.94e+04,2.85e+04]",0,2,9.96912e+12,13982270400000,3.732624e+13,1453523841190.34,26.392456866833,10.2340423153933,29.9305134312123,30.2688112429817,31.2507176805032,28.0050119594186
"25","Botswana","BWA",61,34,7,2.74,"21","Botswana",34,2,70.1099595,58.09339706,53.97043433,57.55232649,77.0764,61.15671133,99.36788543,68.8,68.56338854,77.93897082,83.8,65,70,0.6,25,22,34.4,39.746,2100000,3.48e+10,-0.3,4.6,16368.2,18.6,3,393600000,17.8,7.09999990463257,9.9448299407959,8.94307994842529,40.5,95.3238220214844,87.0466690063477,68.812,34.4388412211802,61.4743229270593,4.08683585176048,6,8,1,0,10,0,0,19,98,0,0,0,1,"Sub-Saharan Africa","(9.64e+03,1.64e+04]","(9.64e+03,1.64e+04]",0,2,1.19712e+12,1383160800000,6.1944e+11,247079996681.213,24.2728832237268,9.70309570708059,27.8109397881062,27.9553924308329,27.1520816810249,26.2329779943421
"26","Lithuania","LTU",59,38,9,2.21,"98","Lithuania",16,8,75.7817044,72.97510519,62.40188383,69.7,86.9151,64.12878277,93.57828177,79.1,63.55952281,90.04177641,86.98,70,70,1.5,15,15,29.3,34.881,2900000,8.24e+10,1.6,3.6,28359.1,9.5,-0.7,863400000,42.5,3.81220006942749,0.00589000014588237,0.22545999288559,37.3,99.7508697509766,96.1505279541016,75.4804878048781,14.7274878102097,65.9715598503416,19.3009523394487,6,41,7,0,20,1,0,69,74,0,0,2,3,"Europe","(1.94e+04,2.85e+04]","(1.94e+04,2.85e+04]",0,2,2.41432e+12,2874194400000,3.502e+12,314125285720.825,25.1348512738618,10.2527032453047,28.5124387898849,28.6867935422164,28.8843553497922,26.4730577423866
"27","Slovenia","SVN",61,34,10,2.78,"149","Slovenia",97,38,59.19619145,75.04813489,55.12820513,53.62940719,58.7144,28.58217375,6.132547278,80.6,60.19308247,85.34634666,86.98,70,50,1.5,50,17,36.6,44.114,2100000,6.4e+10,2.9,0.6,31007.4,9.3,-0.5,993300000,83.3,4.78077983856201,0.772059977054596,0.182070001959801,24.2,99.7508697509766,99.3642578125,81.0292682926829,14.902181377908,66.0745022380146,19.0233163840774,6,42,16,0,32,0,0,90,52,0,0,2,4,"Europe","(2.85e+04,4.52e+04]","(2.85e+04,4.52e+04]",0,2,2.3424e+12,2.823296e+12,5.3312e+12,305969909667.969,24.8821489203061,10.3419811646581,28.4821971607134,28.6689261126965,29.3045974694789,26.4467525996452
"28","Costa Rica","CRI",59,38,7,2.98,"39","CostaRica",63,10,65.0305466,51.64815088,55.59916274,55.36527118,79.4139,88.486957,42.38639387,68.1,53.8821166,80.80460694,84.68,70,50,2.7,25,30,23.1,19.955,4800000,7.49e+10,3.7,3.6,15482.3,8.6,0.8,2849600000,42.4,7.06980991363525,8.59512996673584,3.24836993217468,48.3,99.1246871948242,94.9727783203125,79.914,21.5773722341662,69.1721175590723,9.25051020676152,6,34,1,0,23,0,0,58,81,0,0,0,5,"Americas","(1.38e+04,2.16e+04]","(1.38e+04,2.16e+04]",0,2,1.73019e+12,1494629500000,3.17576e+12,529528762531.28,25.0394197274696,9.64745271491835,28.1792523449973,28.0328994659703,28.7865680897075,26.995253320685
"29","Cyprus","CYP",57,42,7,3.78,"43","Cyprus",48,24,67.85093191,75.44668561,60.7,53.6,73.0106,48.83260395,72.91036,75.8,58.64500021,83.28593318,86.98,75,50,1.5,35,12.5,36.3,41.248,9e+05,2.81e+10,1.6,-1.8,32785.5,15.6,-1.5,4534100000,108.7,5.75416994094849,0.448379993438721,1.34039998054504,31.4,99.7508697509766,99.3642578125,80.672,16.836628300265,69.7480159840227,13.4153557157123,6,42,15,0,36,0,0,93,48,0,0,5,1,"Europe","(2.85e+04,4.52e+04]","(2.85e+04,4.52e+04]",0,2,1.02003e+12,1159068800000,3.05447e+12,161692175340.653,24.0590354132861,10.3977416234584,27.6508531545569,27.7786380400429,28.7476272074133,25.8089602123812
"30","Latvia","LVA",58,40,9,3.21,"92","Latvia",20,11,74.75486618,72.56283679,59.7396651,67.3,84.7316,57.44570619,95.03534396,79.8,72.00311804,86.46012406,86.98,75,60,1.5,23,15,27.8,37.717,2e+06,4.91e+10,2.7,3.7,24712.2,9.8,0.2,643500000,34.8,4.37029981613159,1.29531002044678,1.5161999464035,35.6,99.7508697509766,96.1505279541016,74.6292682926829,15.5762629946128,64.5904329718102,19.833304033577,6,39,8,0,24,13,0,84,57,0,0,3,2,"Europe","(1.94e+04,2.85e+04]","(1.94e+04,2.85e+04]",0,2,1.36498e+12,1851904700000,1.70868e+12,214581720972.061,24.6171248717469,10.1150523277997,27.9421608924435,28.2472357929452,28.1667422585273,26.0919564863114
"31","Georgia","GEO",56,46,6,3.1,"61","Georgia",13,5,75.98508577,55.11653872,66.54892726,64.97982947,87.3491,74.37230504,93.5272544,87.2,75.86403446,78.22303992,88.64,80,60,0.7,20,15,25.3,29.145,4500000,3.56e+10,2.8,4.9,9630,12.3,4,1350200000,41.2,3.57442998886108,0.198500007390976,0.758960008621216,37.9,99.6408081054688,99.3642578125,73.414,19.5291210452424,65.7973525687527,14.6735263860049,6,42,22,0,42,18,3,127,12,1,2,3,0,"Europe","[7.97e+03,1.94e+04]","[7.97e+03,1.94e+04]",0,2,9.0068e+11,1.037562e+12,1.46672e+12,127249707603.454,24.2956114748044,9.17263850479217,27.5264158705379,27.6678948463019,28.0140497311599,25.5694171945627
"32","Poland","POL",60,36,10,1.36,"132","Poland",45,21,68.26446032,60.8,58.01282051,55.46105877,75.9739,46.94046815,76.07203091,67.8,61.4587868,84.67445871,86.98,75,70,1.5,32,19,31.9,41.631,3.8e+07,1.0054e+12,3.6,3,26455.3,7.4,-0.9,7489400000,51.3,4.5584602355957,3.21270990371704,2.60403990745544,29.7,99.7508697509766,96.1505279541016,77.7536585365854,14.8792802078772,68.1894244434854,16.9312953486375,6,39,23,0,42,9,2,115,22,1,0,5,0,"Europe","(1.94e+04,2.85e+04]","(1.94e+04,2.85e+04]",0,2,3.207226e+13,41855807400000,5.157702e+13,4583075920867.92,27.6364065882049,10.1832117952853,31.0990125979957,31.3652516702619,31.5740973403816,29.1533914870761
"33","Italy","ITA",50,54,8,3.72,"80","Italy",79,34,62.53385475,74.60923083,55.40947148,44.68187693,54.9379,22.32048555,66.9217904,69.8,52.85430229,86.89119948,86.98,85,50,1.5,43,27.5,43.6,50.396,60200000,2.1709e+12,0.8,-0.7,35708.3,12.1,0.1,20278700000,132.6,4.04493999481201,1.65751004219055,2.52175998687744,35.9,99.7508697509766,99.3642578125,82.9463414634147,13.4750705252017,64.0252405238968,22.4996889509015,6,42,22,0,34,18,0,116,18,2,1,1,2,"Europe","(2.85e+04,4.52e+04]","(2.85e+04,4.52e+04]",0,2,9.465124e+13,109404676400000,2.8786134e+14,8781160234737.39,28.4061629440411,10.4831384337426,32.1812200943961,32.3260747508895,33.2935000217929,29.8036296600317
"34","Malaysia","MYS",47,62,9,2.67,"104","Malaysia",27,7,73.77889296,85.30455697,67.30115123,51.82940158,85.3096,78.73754104,76.53012555,90.8,73.05529629,85.27904286,81.2,60,50,4.4,28,24,14.8,25.247,30800000,8.156e+11,5,5.3,26314.8,2.9,2.1,11121500000,57.4,4.6753101348877,13.1472797393799,0.354360014200211,37.3,97.2725601196289,95.082649230957,75.828,24.3437909565021,69.2222570223111,6.4339520211868,6,40,17,0,42,2,0,101,37,0,2,2,2,"Asia-Pacific","(2.43e+04,8.53e+04]","(2.43e+04,8.53e+04]",0,2,1.207088e+13,20591453200000,4.681544e+13,3813182946014.41,27.4271898756467,10.177886797531,30.1218170564168,30.6558972124282,31.4772341789722,28.9694853752004
"35","Greece","GRC",48,59,8,2.98,"64","Greece",127,43,55.00132733,52.51740853,56.07666143,41.33823336,61.1,5.377803,58.07626222,74.3,51.02141915,78.22814031,81.98,60,40,1.5,42,29,35.9,55.480995,1.1e+07,2.86e+11,-0.2,-3.8,26448.7,24.9,-1.1,-289500000,178.4,3.47220993041992,3.66572999954224,1.24924004077911,34.4,99.7508697509766,96.1505279541016,81.2878048780488,14.2048072510869,64.3958389509388,21.3993537979744,6,42,33,0,42,9,1,127,12,1,4,1,0,"Europe","(1.94e+04,2.85e+04]","(1.94e+04,2.85e+04]",0,2,1.02674e+13,15867564570000,5.10224e+13,993052040100.097,26.3792576477663,10.1829622867402,29.9599949432605,30.3952981774428,31.5632858679122,27.6240489065671
"36","Armenia","ARM",35,107,6,3.79,"6","Armenia",33,19,70.30601651,55.46615487,42.54971219,43.4,83.7175,81.6973,82.92326877,78.5,72.42785921,72.77040308,80.22,80,70,2.4,26,20,23.5,26.384,3300000,2.53e+10,3,4.3,8467.9,16.3,3.7,180500000,46.6,2.70759010314941,7.37140989303589,6.16014003753662,33.6,99.8470230102539,99.7360687255859,74.797,20.4543887834485,68.4489663273217,11.0966448892298,6,41,18,0,38,2,0,99,41,0,2,2,1,"Europe","[7.97e+03,1.94e+04]","[7.97e+03,1.94e+04]",0,2,5.9455e+11,667515200000,1.17898e+12,68502029609.6801,23.9540702326799,9.04403782302112,27.11107065383,27.2268279984971,27.7956707738115,24.950129211114
"37","Belarus","BLR",44,68,7,4.12,"14","Belarus",104,40,58.58884863,50.9,56.3,37.6,89.78,48.7144216,92.82206307,71.3,74.60704498,60.42265397,80.62,30,10,2.2,13,18,23,42.638,9400000,1.677e+11,-3.9,1.2,17654.2,6.1,13.5,1583900000,59.9,4.79499006271362,1.29166996479034,0.857159972190857,25.4,99.7439155578614,99.5501632690429,74.1292682926829,16.7078878812592,68.7169869180976,14.5751252006432,6,40,23,1,42,16,0,122,14,1,1,4,0,"Europe","[7.97e+03,1.94e+04]","[7.97e+03,1.94e+04]",0,2,3.8571e+12,7150392600000,1.004523e+13,804119833517.074,25.8454425057756,9.77872899439332,28.9809367217047,29.5981883802179,29.938119010897,27.4130141416821
"38","Croatia","HRV",49,57,10,2.64,"41","Croatia",95,37,59.38030965,65.47507443,56.79618001,43.41148499,66.7504,31.29026939,44.66533684,58.2,43.29887383,80.27609636,87.4,75,60,1.3,40,20,36.4,47.577,4200000,9.11e+10,1.6,-0.4,21581.4,16.1,-0.5,173900000,87.7,3.90566992759705,3.38365995883942,1.36378002166748,30.4,99.7508697509766,96.1505279541016,77.8268292682927,14.4380264493861,65.5395821564065,20.0223913942074,6,38,25,0,37,2,0,102,35,0,2,3,1,"Europe","(1.94e+04,2.85e+04]","(1.94e+04,2.85e+04]",0,2,3.31604e+12,4334264700000,7.98947e+12,355806530404.091,25.2352236412123,9.97958711159199,28.829792415855,29.0975730923969,29.7091455405905,26.5976529661527
"39","Cuba","CUB",47,62,5,2.36,"42","Cuba",178,31,33.93759167,32.4,10,41.8,51.3311,0,81.2,20,20,66,64.52,10,10,7.7,50,30,38.3,64.6,11200000,1.415e+11,4.3,2.8,12580,4.6,4.6,3960650000,35,4.23341000080109,2.72835993766785,4.31471014022827,46.6,99.156265258789,93.4897003173828,78.662,16.4062997442336,68.8156204984913,14.778079757275,1,5,1,0,7,0,0,13,102,0,0,0,1,"Americas","(8.51e+03,1.38e+04]","(8.51e+03,1.38e+04]",0,2,5.41945e+12,9.1409e+12,4.9525e+12,599027515113.354,25.6755655540297,9.43986353025443,29.3210154502163,29.8437799648183,29.2309136155191,27.1185733690876
"40","Montenegro","MNE",46,64,5,2.45,"114","Montenegro",83,35,61.97850658,57.95216038,50.37284144,43.4,83.0919,33.0618644,44.27674324,72,67.38421522,82.46235428,84.74,75,50,2.6,9,9,39.1,47.984,6e+05,1e+10,4.1,2,16123.1,18.2,1.6,699100000,66.4,3.71016001701355,4.39209985733032,2.77827000617981,33.4,99.7439155578614,99.5501632690429,76.667,18.2502792548318,67.2020179647302,14.547702780438,4,21,4,0,10,7,0,42,93,0,0,1,2,"Europe","[7.97e+03,1.94e+04]","[7.97e+03,1.94e+04]",0,2,3.91e+11,4.7984e+11,6.64e+11,37101600170.1355,23.0258509299405,9.68800830526417,26.6919733969318,26.8967185519471,27.2215479864228,24.3369259369002
"41","Bulgaria","BGR",43,71,10,2.66,"23","Bulgaria",47,23,67.85545597,62.53573977,38.88016745,41.79895818,90.9775,58.42823675,86.40307715,66.7,68.30216831,83.25962399,86.98,70,60,1.5,10,10,26.5,38.777,7200000,1.369e+11,3,1.5,19097.3,9.8,-1.1,1773900000,26.9,4.09102010726929,10.0508298873901,11.6997203826904,40.4,99.7439155578614,99.5501632690429,74.8146341463415,14.4447319823993,64.7976668313048,20.7576011862959,6,40,31,0,42,1,2,116,18,0,4,2,0,"Europe","[7.97e+03,1.94e+04]","[7.97e+03,1.94e+04]",0,2,3.62785e+12,5308571300000,3.68261e+12,560060652685.166,25.6425165692408,9.85730224278573,28.919661302233,29.3003438565993,28.9346428558486,27.051310923177
"42","Hungary","HUN",45,66,10,2.89,"72","Hungary",56,27,65.79153558,60.14019094,51.79879644,41.54445392,79.3,25.34560095,79.25841676,64,64.42538211,91.70558582,86.98,75,70,1.5,15,19,38.5,50.232,9900000,2.584e+11,2.9,1.7,26222,7,-0.1,1269900000,75.5,4.61972999572754,3.55461001396179,2.57472991943359,30.6,99.7508697509766,96.1505279541016,75.8170731707317,14.3722655591988,67.0498733635751,18.5778610772262,6,40,22,0,34,16,3,115,22,2,1,1,1,"Europe","(1.94e+04,2.85e+04]","(1.94e+04,2.85e+04]",0,2,9.9484e+12,12979948800000,1.95092e+13,1193738230896,26.2777746088549,10.1743540320593,29.9284328501486,30.1944268826667,30.6019072651098,27.8081108697575
"43","Romania","ROU",48,59,10,3.12,"135","Romania",39,20,69.65295003,63.925008,58.47069597,45.94771547,87.3724,65.25264733,90.89932999,65.9,62.48094683,83.60665676,86.98,75,50,1.5,16,16,27.4,34.341,19800000,4.138e+11,3.7,2.4,20786.9,6.9,-0.6,3388900000,39.4,3.09539008140564,7.4140100479126,11.6002101898193,36,99.7508697509766,96.1505279541016,75.309756097561,15.4494850378567,66.6687883755184,17.8817265866248,6,42,17,0,42,9,5,115,22,0,3,2,1,"Europe","(1.94e+04,2.85e+04]","(1.94e+04,2.85e+04]",0,2,1.133812e+13,14210305800000,1.630372e+13,1280872415685.65,26.7486486022579,9.94207825958492,30.0591916156519,30.2849885778623,30.4224144185617,27.8785625364479
"44","South Africa","ZAF",43,71,8,3.98,"151","SouthAfrica",81,6,62.28404087,67.64538889,59.66117216,47.59252538,70.2,68.41381888,69.95231476,62,58.89486313,75.76840726,77.28,40,50,3.9,41,28,22.6,33.705,54900000,7.235e+11,1.3,2.1,13165.2,25.1,4.6,1772400000,50.1,6.11305999755859,19.1390991210938,7.55062007904053,40.5,95.3238220214844,87.0466690063477,63.538,29.1502598257042,65.6305615480971,5.21917862619865,6,41,7,0,27,6,0,81,60,0,0,2,4,"Sub-Saharan Africa","(9.64e+03,1.64e+04]","(9.64e+03,1.64e+04]",0,2,1.63511e+13,24385567500000,3.624735e+13,4422798908233.64,27.3073663830179,9.48533226361145,30.4253162892962,30.8250125773234,31.2213873911088,29.117793848765
"45","Ghana","GHA",40,81,9,2.56,"63","Ghana",118,19,56.21811347,51.60398366,40.86865515,35.51992865,84.5416,76.27909279,9.249528288,59.6,57.39243536,64.48213779,65.08,70,60,10,25,25,17.2,24.372,26900000,1.147e+11,3.5,7.6,4266.2,6.3,17.2,3192300000,73.3,3.62737989425659,12.0507497787476,2.17846989631653,40.5,95.3238220214844,87.0466690063477,63.463,37.8200306887033,59.1301639529467,3.04980535834993,1,5,0,0,1,0,0,6,108,0,0,0,0,"Sub-Saharan Africa","(3.06e+03,4.27e+03]","(3.06e+03,4.27e+03]",0,2,1.97284e+12,2795468400000,8.40751e+12,416060473871.231,25.4655858610817,8.35847878025772,28.3104952449011,28.659020793468,29.7601464699743,26.7540964565253
"46","Argentina","ARG",39,85,8,2.92,"5","Argentina",156,26,50.40908766,32.44971211,39.58006279,38.19386643,62.6119,54.63870325,56.41144953,57.3,46.08335785,50.9,66.74,50,50,6.6,35,35,35.9,43.947,42400000,9.72e+11,1.2,2.7,22553.6,6.7,26.5,11654900000,56.5,5.45431995391846,0.00779000017791986,0.432689994573593,41.1,99.008659362793,96.4022827148438,76.372,24.9267703815041,64.0835225051061,10.9897071133897,6,40,20,0,42,9,0,111,26,1,2,1,2,"Americas","(2.16e+04,4.56e+04]","(2.16e+04,4.56e+04]",0,2,3.48948e+13,4.2716484e+13,5.4918e+13,5301598995208.74,27.6026216414068,10.0236499774217,31.1833589369011,31.3856060038226,31.6368622795592,29.2990295881944
"47","India","IND",40,81,9,2.16,"74","India",143,33,52.63869885,55.37862011,44.36813187,44.29368365,77.172764,77.43553275,10.9680512,52.8,41.60180743,75.04579525,72.6,40,40,6.2,30.9,34.6,16.6,27.946,1276300000,7.9652e+12,7.3,6.7,6161.6,3.5,4.9,4.4208e+10,67.2,3.59962499141693,2.62767004966736,1.9857349395752,38.1,98.8564605712891,91.895751953125,69.165,27.4786995727277,66.538187109893,5.98311331737929,6,42,18,0,30,0,0,90,52,0,0,3,3,"Asia-Pacific","(6.02e+03,1.11e+04]","(6.02e+03,1.11e+04]",0,2,1.3222232e+14,222595479200000,5.3526144e+14,28671732981634.1,29.7061031688309,8.72609176306064,32.5155058641934,33.0363772454892,33.91377641636,30.9869328398162
"48","Trinidad and Tobago","TTO",41,77,6,5.47,"167","TrinidadTobago",87,18,61.22827139,54.73708816,48.71794872,36.8,81.3991,57.654853,51.83713096,67.7,71.39640926,75.89672656,78.6,60,50,5.7,25,25,24.7,39.819,1400000,4.43e+10,-1.8,0.1,32635.5,3.8,4.7,1618600000,51.1,3.56126999855042,5.03872013092041,1.35130505263805,42.75,99.008659362793,96.4022827148438,73.245,20.5385030551443,69.096909886067,10.3645870587887,1,7,1,0,7,0,0,15,99,0,0,0,1,"Americas","(2.16e+04,4.56e+04]","(2.16e+04,4.56e+04]",0,2,1.09421e+12,1763981700000,2.26373e+12,157764260935.784,24.5142505139975,10.3931559319264,27.7210537576314,28.1985946993097,28.4480350112072,25.7843677364103
"49","Turkey","TUR",40,81,8,1.8,"169","Turkey",60,29,65.23095999,61.25648975,52.51831502,40.67556576,75.5131,57.69316573,95.69303886,64.3,48.52383783,72.15800698,79.44,75,60,2.8,35,20,28.7,36.959,77700000,1.5888e+12,3.8,4.4,20437.8,10.3,7.7,1.6508e+10,32.6,4.13798487186432,8.91417980194092,5.12309980392456,41.4,99.7508697509766,96.1505279541016,77.161,25.0027571472864,66.7415314649495,8.25571138776413,6,40,15,0,42,4,1,102,35,0,1,3,2,"Europe","(1.94e+04,2.85e+04]","(1.94e+04,2.85e+04]",0,2,4.559856e+13,58720459200000,5.179488e+13,6574430364418.03,28.0940001302373,9.92514140643096,31.4508972530029,31.7038093203677,31.57831241861,29.5142090536488
"50","Colombia","COL",37,96,8,2.77,"35","Colombia",37,4,69.69382492,63.78124923,25.22239665,39.63181168,80.0711,74.16730304,89.8265174,77.1,77.93453895,77.0109821,81.58,80,70,4.2,33,25,16.7,29.579,48200000,6.674e+11,3.1,4.6,13846.5,10,5,12107600000,49.4,4.53551006317139,7.50453996658325,2.65404009819031,49.7,99.156265258789,93.4897003173828,76.925,23.5569125467782,68.2439989221801,8.19908853104178,6,41,2,0,35,3,0,81,60,0,0,1,5,"Americas","(8.51e+03,1.38e+04]","(8.51e+03,1.38e+04]",0,2,1.114558e+13,19741024600000,3.296956e+13,3026999416160.59,27.2266554032637,9.53578777209832,30.0420641226864,30.6137200533488,31.1266058274576,28.7385929530909
"51","Ecuador","ECU",32,117,7,2.66,"49","Ecuador",160,28,49.2933712,38.65151571,22.25274725,33.92856504,79.0684,46.0833108,56.42773244,55.4,47.2887434,67.71943977,69.7,35,40,5.2,35,22,19.6,39.273,16300000,1.834e+11,0,4.4,11263.6,4.3,4,1060100000,34.5,4.61426019668579,3.75552010536194,1.13854002952576,44.7,99.2550506591797,92.8297882080078,76.584,28.3616003254264,64.6872593327007,6.9511403418729,6,38,6,0,20,2,0,66,78,0,0,1,4,"Americas","(8.51e+03,1.38e+04]","(8.51e+03,1.38e+04]",0,2,3.59464e+12,7202668200000,6.3273e+12,846255320072.174,25.9349353967688,9.32933156640364,28.9104649630052,29.6054726566348,29.4758947208061,27.4640869477968
"52","Brazil","BRA",37,96,8,4.24,"22","Brazil",140,25,52.85319766,55.02714623,49.71350078,33.40706083,70.1191,53.1458784,22.84155398,61.3,52.29581416,66.96831751,69.42,50,50,7.8,27.5,34,32.8,41.901,204500000,3.1924e+12,-3.8,1,15614.5,7.2,9,64647900000,73.7,6.32047986984253,4.46414995193481,0.390789985656738,53.3,99.1554107666016,93.0758209228516,75.456,21.6838368026363,69.7106712029254,8.60549199443827,6,40,17,0,37,6,1,101,37,0,2,1,3,"Americas","(1.38e+04,2.16e+04]","(1.38e+04,2.16e+04]",0,2,1.0471072e+14,133764752400000,2.3527988e+14,20177499936485.3,28.7917941009483,9.6559552487114,32.2822226163384,32.52710379394,33.0917969001436,30.6355892349971
"53","Kazakhstan","KAZ",31,122,9,3.59,"84","Kazakhstan",42,11,68.98569868,56.11445338,56.52145474,37.96024059,93.2576,85.677762,98.91477913,74.5,82.49077405,73.91132028,78.48,40,50,3.3,10,20,13.2,23.02,17700000,4.291e+11,1.2,4.8,24267.9,5.6,6.5,4020700000,23.3,2.75081992149353,0.425509989261627,0.823880016803741,27.5,99.9380493164063,99.7912292480469,72.95,27.9148600452245,64.9483167025433,7.1368232522322,6,40,18,0,35,15,5,113,25,1,2,1,1,"Asia-Pacific","(1.11e+04,2.43e+04]","(1.11e+04,2.43e+04]",0,2,5.66412e+12,9.877882e+12,9.99803e+12,1180376828312.87,26.7849558289439,10.096909768401,29.3651726585362,29.9213192322376,29.9334091895155,27.7968548494539
"54","Peru","PER",37,96,8,3.35,"130","Peru",43,7,68.89802141,58.26806673,28.22475144,38.82287778,80.3,85.14634495,98.3841671,69.4,62.75051937,83.3395296,87.14,75,60,1.4,30,28,16.8,22.58,31900000,3.891e+11,3.3,4.8,12194.7,3.5,3.5,6861200000,23.1,3.93130993843079,0.675660014152527,0.988300025463104,43.3,99.0574798583984,94.1496124267578,76.286,26.3624966281645,65.8267009172855,7.81080245454995,6,38,27,0,42,1,1,109,30,0,2,3,1,"Americas","(8.51e+03,1.38e+04]","(8.51e+03,1.38e+04]",0,2,6.53688e+12,8.785878e+12,8.98821e+12,1529672697043.42,26.6871022169369,9.40875671010143,29.5084811033461,29.8041667756584,29.8269348344647,28.056074904947
"55","Serbia","SRB",41,77,8,2.8,"144","Serbia",99,39,58.88188831,50.33454516,40.24725275,38.18552453,83.25,40.2886224,46.89154604,62.9,65.91967192,80.76549687,77.8,70,50,6.1,15,15,35,44.74,7200000,9.75e+10,0.7,0.4,13671.4,19,1.4,2346600000,77.4,3.71016001701355,1.55019998550415,1.02643001079559,36.2,99.7439155578614,99.5501632690429,75.5390243902439,15.8258875685363,66.2793608065934,17.8947516248703,6,40,30,0,42,4,0,116,18,0,4,2,0,"Europe","[7.97e+03,1.94e+04]","[7.97e+03,1.94e+04]",0,2,3.4125e+12,4.36215e+12,7.5465e+12,361740601658.821,25.3031182149502,9.52306133851939,28.8584662764396,29.1039861710122,29.6521049955459,26.6141932219099
"56","Sri Lanka","LKA",38,91,7,1.82,"153","SriLanka",112,25,57.39437116,48.02591595,48.27969649,30.04103967,85.2551,90.20714399,31.15412774,72.8,57.51506102,75.95436901,74.5,35,40,5.3,24,28,10.7,18.258,21100000,2.23e+11,5.2,6.1,10566.2,4.7,0.9,681200000,74.4,2.79924988746643,1.33250999450684,0.715460002422333,38.1,98.8564605712891,91.895751953125,76.648,24.4070862823381,65.4693205689957,10.1235931486662,6,42,8,0,30,0,0,80,62,0,0,3,3,"Asia-Pacific","(6.02e+03,1.11e+04]","(6.02e+03,1.11e+04]",0,2,2.3861e+12,4.071534e+12,1.65912e+13,624232724905.014,26.1304376084065,9.26541550618415,28.5006813498744,29.0350409485494,30.4398935502456,27.1597890923634
"57","Tanzania","TZA",36,103,9,1.55,"162","Tanzania",105,14,58.58471992,33.7875852,28.78728414,29.15645568,80.2576,89.48048224,76.58918902,50.1,64.30815707,69.58988567,75.96,55,50,7,30,30,13.2,18.821,49100000,1.385e+11,7,6.8,2904,3.2,5.6,1531500000,40.5,4.4305100440979,48.7553596496582,15.436710357666,40.5,95.3238220214844,87.0466690063477,64.479,44.3164485313565,53.0998902147314,2.58366125391209,2,4,0,0,1,0,0,5,109,0,0,0,0,"Sub-Saharan Africa","[2e+03,3.06e+03]","[2e+03,3.06e+03]",0,2,1.8282e+12,2606708500000,5.60925e+12,613625641107.559,25.6541361625738,7.97384437594469,28.2343529921661,28.5891094302822,29.3554381366863,27.1426508741113
"58","Indonesia","IDN",37,96,9,3.12,"75","Indonesia",84,18,61.93913294,48.27138235,39.25039246,44.73120004,83.5619,89.89759099,90.0655886,49.1,48.91442457,74.01711622,80.46,35,60,2.3,30,25,10.9,17.359,255100000,2.8422e+12,4.8,5.5,11125.9,5.8,6.4,15508200000,27.3,2.6699800491333,2.62767004966736,5.06120014190674,38.1,98.8564605712891,91.895751953125,71.282,26.9149014961264,67.4031501634853,5.68194834038824,6,40,22,0,42,4,0,108,31,0,2,3,1,"Asia-Pacific","(6.02e+03,1.11e+04]","(6.02e+03,1.11e+04]",0,2,3.097998e+13,49337749800000,7.759206e+13,7588617295646.67,28.6755995161042,9.31703100263871,31.0643623053393,31.5297106199906,31.9824862182951,29.6576705162537
"59","Albania","ALB",38,91,8,1.81,"2","Albania",65,30,64.3530032,54.01325017,28.4733124,39.70736737,86.8904,72.49970367,51.54094183,79.3,50.66095654,81.43010644,87.72,70,70,1.1,23,15,23.6,30.038,2800000,3.27e+10,2.6,1.9,11300.8,17.3,1.9,1003300000,71.9,3.61172008514404,6.07263994216919,2.22159004211426,33.2,99.7439155578614,99.5501632690429,78.333,18.0283124879298,68.6426142157412,13.329073296329,6,41,4,0,22,0,0,67,76,0,0,1,5,"Europe","[7.97e+03,1.94e+04]","[7.97e+03,1.94e+04]",0,2,7.7172e+11,982242600000,2.35113e+12,118103246784.21,24.2106409148496,9.33262879865466,27.3718876268812,27.613104161633,28.4859171795766,25.4948250515941
"60","El Salvador","SLV",33,112,7,3.25,"51","ElSalvador",66,12,64.12277818,45.3433417,35.35452643,31.67538699,79.0071,85.90279659,74.67791684,57.3,54.49225464,79.22001499,86.5,80,60,1.8,30,30,17.3,21.713,6400000,5.29e+10,2.4,2.1,8302.5,6.4,-0.7,428700000,58.9,3.7252299785614,17.2143306732178,14.5668601989746,38,97.9804534912109,88.4827117919922,72.872,27.4456233330401,64.4496680247071,8.10470864225283,4,25,5,0,25,2,0,57,83,0,0,1,3,"Americas","[4.87e+03,8.51e+03]","[4.87e+03,8.51e+03]",0,2,9.1517e+11,1148617700000,3.11581e+12,197064665865.898,24.6916691758107,9.0243119532509,27.5423756773144,27.7695803353223,28.7675102664682,26.0067977649475
"61","Kosovo","KSV",39,85,5,2.13,"185","Kosovo",46,22,67.85670639,70.3,58,45.9,93.5479,77.7618032,88.89807018,68.8,65.26059674,80.01210659,70.8,65,30,7.1,10,10,21.1,27.376,1900000,1.74e+10,3.3,3,9255,16.3,-0.5,359800000,19.2,3.71016001701355,5.23236989974975,2.49993002414704,29,99.7439155578614,99.5501632690429,71.9951219512195,16.7078878812592,68.2158166427496,14.6735263860049,5,29,1,0,22,2,1,55,85,0,0,1,2,"Europe","[7.97e+03,1.94e+04]","[7.97e+03,1.94e+04]",0,2,3.6714e+11,476342400000,3.3408e+11,64556784296.0358,23.5797360431669,9.1329192250076,26.6290090836489,26.8894027603167,26.5346463222006,24.8908110501266
"62","Thailand","THA",37,96,9,2.03,"163","Thailand",55,13,66.22028537,51.25079969,41.71899529,40.70471466,81.0275,85.25207248,96.27383196,69.9,62.79864512,72.89686526,82.82,50,60,3.6,35,20,16.5,22.348,68800000,1.1081e+12,2.8,2.9,16097.4,1.1,-0.9,10844600000,43.1,3.3557300567627,0.425509989261627,0.823880016803741,36.5,99.9380493164063,99.7912292480469,76.683,17.3538216619869,71.20921441628,11.4369639217331,6,41,30,0,42,17,1,131,7,3,0,2,1,"Asia-Pacific","(1.11e+04,2.43e+04]","(1.11e+04,2.43e+04]",0,2,1.828365e+13,24763818800000,4.775911e+13,3718484475898.75,27.7336679528887,9.6864130472483,30.5370283337952,30.8404047844856,31.4971909499984,28.9443373022522
"63","Vietnam","VNM",35,107,8,2.78,"180","Vietnam",147,35,52.43755105,49.71177505,32.02511774,24.64898079,79.5976,74.6474716,21.10870535,61.2,62.1525037,76.01845832,83.14,25,40,3.4,35,22,18.2,28.665,91600000,5.523e+11,6.7,5.9,6024.4,2.1,0.6,1.18e+10,59.3,4.08553981781006,19.2308759689331,3.52287006378174,37.3,83.7385711669922,66.012508392334,75.241,23.0975510865422,69.8714209653194,7.03102794813837,6,42,36,0,42,21,14,155,3,4,1,1,0,"Asia-Pacific","[2.47e+03,6.02e+03]","[2.47e+03,6.02e+03]",0,2,1.005186e+13,15831679500000,3.275139e+13,2256443641376.5,27.0373572138536,8.70357316833769,29.9387788079363,30.3930340802139,31.1199665198572,28.4448110797777
"64","Bosnia and Herzegovina","BIH",38,91,7,2.56,"20","BosniaHerzegovina",92,36,60.2219829,41.20706306,39.99215071,32.70177927,83.4839,33.7403396,89.27779217,47.4,59.30539967,83.9753703,86.58,65,60,1.7,10,10,38.1,46.827,3900000,4.05e+10,2.8,1.3,10491.8,30.3,-1,249500000,45.5,3.71016001701355,6.82525014877319,11.8051500320435,33.4,99.7439155578614,99.5501632690429,77.128,14.7957123995793,69.4545318921983,15.7497557082224,6,41,15,0,39,0,0,95,44,0,0,4,2,"Europe","[7.97e+03,1.94e+04]","[7.97e+03,1.94e+04]",0,2,1.54305e+12,1896493500000,1.84275e+12,150261480689.049,24.4245678110589,9.25834927866249,28.0647820931916,28.2710277707033,28.2422801370158,25.7356428180186
"65","Mongolia","MNG",36,103,9,1.4,"113","Mongolia",129,29,54.76115031,51.28192589,28.36211408,36.75199258,87.1331,57.609757,0,67.2,76.58995091,72.26496322,74.94,45,60,5,10,25,23.7,33.837,3e+06,3.61e+10,2.3,10.3,12146.6,7.1,5.9,195100000,76.5,4.08859014511108,0.425509989261627,0.592299997806549,32,99.9380493164063,99.7912292480469,69.509,29.9497781800034,66.0564020777279,3.99381974226874,6,37,12,0,42,1,1,93,48,0,1,2,3,"Asia-Pacific","(1.11e+04,2.43e+04]","(1.11e+04,2.43e+04]",0,2,8.5557e+11,1221515700000,2.76165e+12,147598104238.51,24.3095587022852,9.40480457421652,27.4750337504263,27.8311135806111,28.6468494431177,25.7177589051178
"66","Panama","PAN",37,96,7,1.79,"127","Panama",54,8,66.26311188,61.08944785,21.46127682,40.85113382,85.1896,83.078125,84.90210734,74.4,42.96754693,78.37810482,77.84,75,70,6.1,25,25,15.2,23.16,4e+06,8.72e+10,5.8,7.9,21764.6,5.2,0.1,5038600000,38.8,2.88224005699158,12.1788597106934,13.2182598114014,49.9,99.008659362793,96.4022827148438,78.149,27.3394729530685,64.7506105164425,7.90991653048905,1,7,3,0,5,0,0,15,99,0,0,0,1,"Americas","(2.16e+04,4.56e+04]","(2.16e+04,4.56e+04]",0,2,1.32544e+12,2.019552e+12,3.38336e+12,251331332969.666,25.1914701678613,9.98804007568749,27.9127655957136,28.3338968205661,28.8498904144906,26.250037957248
"67","Philippines","PHL",34,111,9,1.9,"131","Philippines",58,14,65.60568461,49.18392141,37.14024071,38.66463263,78.9104,89.38476459,97.2427262,62.6,57.17913487,80.56239495,76.4,60,60,4.3,32,30,13.6,19.362,101400000,7.41e+11,5.8,5.9,7254.2,6.7,1.4,5.234e+09,37.1,4.40000009536743,2.62767004966736,3.24850988388062,38.1,98.8564605712891,91.895751953125,70.952,31.4680085202537,63.5948947887491,4.93709669099723,6,42,25,0,42,11,0,120,17,0,3,3,0,"Asia-Pacific","(6.02e+03,1.11e+04]","(6.02e+03,1.11e+04]",0,2,1.00776e+13,1.4347242e+13,2.74911e+13,3260400070667.27,27.3312664622425,8.88933589045809,29.9413362549845,30.2945788445404,30.9448834318559,28.8128710248411
"68","Nepal","NPL",31,122,6,2,"118","Nepal",125,26,55.10815611,37.29875618,32.01203558,26.66761511,84.9079,89.4872224,98.35629155,64.6,47.63826977,72.20978273,68.12,10,30,10.9,25,25,16.1,19.878,28400000,7.01e+10,3.4,4.2,2465.2,3.1,7.2,51400000,28.7,4.76722002029419,5.33436012268066,3.52287006378174,37.3,83.7385711669922,66.012508392334,70.169,31.336510561534,62.9988020344461,5.6646874040199,6,0,1,0,2,0,0,3,110,0,0,0,0,"Asia-Pacific","[2.47e+03,6.02e+03]","[2.47e+03,6.02e+03]",0,2,1.12861e+12,1393447800000,2.01187e+12,334182123422.623,24.973188630987,7.81002821908809,27.7520079029774,27.9628022235328,28.3300857537525,26.5349519610206
"69","Ukraine","UKR",30,130,9,2.27,"172","Ukraine",166,44,48.09176552,41.41307424,22.60596546,29.23775575,78.6224,38.23328125,67.86112484,62.1,48.81448639,47.35309827,85.86,25,30,2.1,20,18,37.6,43.241,42700000,3.395e+11,-9.9,-2.1,7970.8,9.9,48.7,2.961e+09,80.2,5.41226005554199,5.23236989974975,2.49993002414704,26,99.7439155578614,99.5501632690429,71.7809756097561,15.6289572025388,68.2158166427496,16.1552261547116,6,42,30,0,36,10,4,122,14,1,2,2,1,"Europe","[7.97e+03,1.94e+04]","[7.97e+03,1.94e+04]",0,1,1.27652e+13,14680319500000,2.72279e+13,1837462288856.51,26.5507397839452,8.98354014315843,30.177743834341,30.3175289031833,30.9352632988176,28.2394065447515
"70","Bolivia","BOL",33,112,6,2.98,"19","Bolivia",168,30,47.69645774,25.70821338,15.41732077,32.60211096,86.1064,49.05784624,81.36426737,58.9,35.8,66.38133416,76.02,5,40,4.5,13,25,24.4,41.935,11500000,7.44e+10,4.8,5.5,6465.3,3.6,4.1,503400000,39.7,4.04145991802215,14.5239601135254,8.43424987792969,44.6,97.9804534912109,88.4827117919922,70.945,31.5346173965445,61.4195037816536,7.04587882180194,6,24,0,0,17,0,0,41,94,0,0,0,4,"Americas","[4.87e+03,8.51e+03]","[4.87e+03,8.51e+03]",0,2,1.81536e+12,3.119964e+12,2.95368e+12,300684617900.848,25.0327217787855,8.77420469384164,28.2273049110846,28.7688425792218,28.7140729664786,26.4293277713287
"71","Kenya","KEN",28,143,9,1.94,"85","Kenya",135,27,53.4770027,45.10906474,42.68707483,24.70508382,78.5031,77.886868,14.44773856,50,62.43826764,73.7668348,67.18,55,50,8.9,30,30,18.7,28.598,44100000,1.419e+11,5.6,5.5,3207.7,9.2,6.6,1.437e+09,52.7,5.36668014526367,12.0507497787476,2.17846989631653,40.5,95.3238220214844,87.0466690063477,65.909,40.3500123513719,57.3938820427461,2.25610560588208,6,3,0,0,3,2,0,8,107,0,0,0,0,"Sub-Saharan Africa","(3.06e+03,4.27e+03]","(3.06e+03,4.27e+03]",0,1,2.65353e+12,4058056200000,7.47813e+12,761531912612.915,25.6783884211124,8.07330944840402,28.6069119449729,29.0317252064231,29.6430038766597,27.3585979159714
"72","Mexico","MEX",29,135,9,1.69,"110","Mexico",70,14,63.55098529,58.09025368,38.71140764,29.95371816,74.8691,76.73021099,66.82363839,70.7,57.94207371,78.79142091,80,70,60,5,35,30,19.7,27.591,121100000,2.2272e+12,2.5,2.8,17534.4,4.3,2.7,30284600000,54,4.51821994781494,5.93955993652344,0.728760004043579,48.3,99.1246871948242,94.9727783203125,74.947,26.9392249508412,66.0200045642909,7.04077048486791,6,42,13,0,39,2,0,96,43,0,1,2,3,"Americas","(1.38e+04,2.16e+04]","(1.38e+04,2.16e+04]",0,1,4.387584e+13,61450675200000,1.202688e+14,10062979467773.4,28.4317663070865,9.77191994470913,31.4123849428305,31.7492559396752,32.4207503536508,29.9398844065093
"73","Pakistan","PAK",32,117,8,2.11,"126","Pakistan",141,32,52.8263699,36.44180138,34.05939299,30.47099665,78.9,87.26178292,30.80820196,61.2,37.75709006,74.77717284,67.24,55,40,8.9,30,33,11,19.814,1.9e+08,9.31e+11,4.2,3.9,5000,5.4,4.5,864700000,64.4,2.89951992034912,19.2308759689331,3.52287006378174,37.3,74.5263824462891,59.1320495605469,66.947,35.478621035315,60.2075429118137,4.31383605287132,6,23,6,0,29,0,0,58,81,0,0,1,3,"Asia-Pacific","[2.47e+03,6.02e+03]","[2.47e+03,6.02e+03]",0,2,1.0241e+13,1.8446834e+13,5.99564e+13,2699453045845.03,27.5595251142235,8.51719319141624,29.9574203870218,30.5459138727743,31.7246387473338,28.6240702928047
"74","Azerbaijan","AZE",31,122,7,5.64,"9","Azerbaijan",68,15,63.59900435,50.45059177,32.96049189,37.6,87.7336,57.54959167,97.3921358,71.5,74.95048081,73.61116021,74.44,55,50,5.3,25,20,14.2,38.544,9500000,1.694e+11,1.1,2.4,17993.4,4.7,4,4047700000,36.1,2.47381997108459,0.425509989261627,2.06896996498108,32,99.9380493164063,99.7912292480469,72.693,23.2876635802595,70.7226479179956,5.98968850174499,6,37,19,0,42,0,0,98,42,0,0,4,2,"Asia-Pacific","(1.11e+04,2.43e+04]","(1.11e+04,2.43e+04]",0,2,2.40548e+12,6529353600000,6.11534e+12,419065103101.729,25.8555286191644,9.79776030297298,28.5087705837716,29.5073290650369,29.4418214845032,26.7612921221298
"75","Paraguay","PRY",29,135,6,3.1,"129","Paraguay",80,17,62.43078418,38.21301149,23.30586081,32.6,96.1775,83.00061144,95.10421512,62.4,28.49298942,78.27522187,76.6,75,60,4.2,10,10,13.5,24.447,7e+06,6.1e+10,3,5,8707.8,4.9,2.9,282700000,23.8,3.08968997001648,3.24194002151489,1.89629006385803,48.5,99.156265258789,93.4897003173828,73.992,29.7043524151016,64.0546370565225,6.24101052837597,6,35,1,0,12,0,0,48,88,0,0,0,2,"Americas","(8.51e+03,1.38e+04]","(8.51e+03,1.38e+04]",0,1,8.235e+11,1.491267e+12,1.4518e+12,188471088171.005,24.8341397011197,9.07197445470437,27.4368293865641,28.0306472101259,28.0038252817972,25.9622104536677
"76","Uganda","UGA",26,151,9,2.11,"171","Uganda",91,9,60.91296311,39.25632366,34.59576138,28.67223674,73.7004,91.00364533,78.14510784,42.4,84.60655727,80.27552512,78.3,60,40,5.9,40,30,11.4,18.017,39200000,7.99e+10,5,4.7,2002.6,3.6,5.8,1057300000,35.4,2.26336002349854,48.7553596496582,13.9053297042847,40.5,95.3238220214844,87.0466690063477,62.516,47.3199381984244,50.7597569174302,1.92030488414537,6,6,5,0,11,0,0,22,95,0,0,0,1,"Sub-Saharan Africa","[2e+03,3.06e+03]","[2e+03,3.06e+03]",0,1,9.1086e+11,1439558300000,2.82846e+12,180842465877.533,25.1040416897186,7.6022016152737,27.5376550451191,27.9953574463522,28.6707535098584,25.9208921349663
"77","Bangladesh","BGD",28,143,8,3.19,"12","Bangladesh",128,28,54.98164,34.880078,26.00078493,19.13040143,72.7604,94.00068075,78.6839006,53.4,68.67421387,68.64922044,63.6,50,30,10.7,25,45,8.6,13.817,159900000,5.765e+11,6.4,6.3,3606.6,4.4,6.4,2235400000,34,4.42637991905213,33.1273918151855,3.52287006378174,37.3,92.9507598876953,72.8929672241211,72.052,28.2245879874421,66.625937004745,5.14947500781286,6,42,17,0,42,10,0,111,26,0,2,2,2,"Asia-Pacific","[2.47e+03,6.02e+03]","[2.47e+03,6.02e+03]",0,1,4.9579e+12,7965500500000,1.9601e+13,2551808023333.55,27.0802411766555,8.19052077927317,29.232003379915,29.7061408947301,30.6066017012717,28.567823252615
"78","Uzbekistan","UZB",22,157,7,2.11,"177","Uzbekistan",148,36,52.26452222,48,41.9,27.5,90.7,66.18090975,99.77127673,64.8,50.41248758,61.10959263,66.8,0,10,6.6,22,7.5,19.7,34.398,3.1e+07,1.879e+11,8,8.1,6068.4,10.1,8.5,1068400000,10.7,5.2813401222229,3.92283010482788,0.722959995269775,38.1,98.8564605712891,91.895751953125,71.388,28.5183238873478,67.2169165092944,4.26475960335778,5,16,18,0,35,0,0,69,74,0,1,0,4,"Asia-Pacific","(6.02e+03,1.11e+04]","(6.02e+03,1.11e+04]",0,1,3.70163e+12,6463384200000,2.01053e+12,992363808965.683,25.9591757433658,8.71085025787394,28.9397943791098,29.4971741665201,28.3294194848337,27.6233556199065
"79","Guatemala","GTM",28,143,7,2.19,"65","Guatemala",74,15,63.00650854,44.98652838,27.76687598,27.46772702,79.2175,94.82888077,93.49244311,58.7,48.2018889,79.37625832,87.04,65,50,1.5,31,31,12.5,12.244,16300000,1.259e+11,4,3.8,7737.6,2.7,2.4,1208400000,24.3,2.95009994506836,33.0915603637695,11.6922903060913,44.6,97.9804534912109,88.4827117919922,73.81,35.0508927890502,60.2527879150835,4.69631929586632,4,12,0,0,6,2,0,20,97,0,0,0,1,"Americas","[4.87e+03,8.51e+03]","[4.87e+03,8.51e+03]",0,1,1.57375e+12,1541519600000,3.05937e+12,371417583084.107,25.5587537779967,8.95384684098042,28.084482422305,28.0637897990799,28.7492301283432,26.6405928274587
"80","Nigeria","NGA",27,148,9,1.97,"123","Nigeria",115,16,57.05721378,35.26607367,33.23129252,12.17828809,85.1616,95.24148304,87.21822758,48.9,73.8706591,71.29894142,62.32,40,40,11.3,24,30,2.8,11.806,178700000,1.0917e+12,2.7,4.7,6108.4,5.8,9,3064200000,11.5,4.89859509468079,15.5949244499207,8.24685001373291,40.5,95.3238220214844,87.0466690063477,53.95,44.0131179412448,53.2377460928992,2.74913596585596,4,21,5,0,25,0,0,51,87,0,0,0,4,"Sub-Saharan Africa","(4.27e+03,9.64e+03]","(4.27e+03,9.64e+03]",0,1,3.05676e+12,12888610200000,1.255455e+13,5347796264863.01,27.7187572302326,8.71742015207903,28.7483766474138,30.1873651070511,30.1611042656018,29.3077056788672
"81","Tajikistan","TJK",21,161,5,2.36,"161","Tajikistan",109,23,58.16732442,45.45600502,45.56514914,32.7,90.8616,74.1050556,95.83868311,65.6,49.22723775,69.77416247,73.88,25,30,5.6,13,15,22.8,31.975,8500000,2.33e+10,3,6.4,2749.4,10.9,5.8,226800000,35.9,5.83796977996826,19.2308759689331,0.546869993209839,37.3,83.7385711669922,66.012508392334,70.647,36.4524133731099,60.564872591683,2.98271403520705,6,40,13,0,42,0,0,95,44,0,0,3,3,"Asia-Pacific","[2.47e+03,6.02e+03]","[2.47e+03,6.02e+03]",0,1,5.3124e+11,745017500000,8.3647e+11,136024695873.26,23.8717191975181,7.91913798503732,26.9984797334785,27.336673544983,27.4524564930123,25.6361022935009
"82","Honduras","HND",29,135,8,2.32,"70","Honduras",100,21,58.84059017,44.98176103,38.16064887,32.17649354,83.2564,74.66374837,64.12250438,56.9,31.1741019,77.25142392,78.4,65,60,5.8,25,25,20.6,27.95,8400000,4.11e+10,3.6,3.5,4868.6,3.9,3.2,1203500000,47.4,4.93701982498169,38.1854209899902,17.461389541626,49.4,97.9804534912109,88.4827117919922,74.898,32.3450927472473,63.0940799424076,4.56082731034521,2,6,0,0,6,0,0,12,104,0,0,0,0,"Americas","[4.87e+03,8.51e+03]","[4.87e+03,8.51e+03]",0,1,8.4666e+11,1.148745e+12,1.94814e+12,202911514806.747,24.4392739584486,8.49056170041532,27.4645650342441,27.7696911580497,28.2978961871496,26.0360358333101
"83","Nicaragua","NIC",26,151,8,1.29,"121","Nicaragua",98,20,59.19355497,31.07379248,15.86865515,27.43894569,77.2039,80.79325179,96.14130115,59,55.6000794,71.16273396,81.04,65,50,2,30,30,21.9,26.408,6300000,3.13e+10,4.5,5,4997.2,6,4,8.35e+08,31.2,4.35768985748291,25.1529455184937,13.129575252533,44.6,97.9804534912109,88.4827117919922,74.068,30.5483953724178,64.3993136247922,5.05229100279004,4,17,4,0,22,1,0,44,91,0,0,1,2,"Americas","[4.87e+03,8.51e+03]","[4.87e+03,8.51e+03]",0,1,6.8547e+11,826570400000,9.7656e+11,136395692539.215,24.1668839344925,8.51663303455767,27.253370571315,27.4405509290434,27.607302029308,25.6388260022326
"84","Cambodia","KHM",21,161,8,2.43,"27","Cambodia",94,20,59.51821986,42.35759455,22.06959707,12.84682577,90.2044,88.11014608,95.72256943,29.6,62.01226048,80.99524497,80.3,60,50,4.9,20,20,13.4,18.158,15500000,5.42e+10,6.9,7.2,3488,0.5,1.2,1.701e+09,33.6,4.42637991905213,19.2308759689331,9.19659996032715,37.3,83.7385711669922,66.012508392334,69.289,31.272428607452,64.3167339906176,4.41083740193033,6,1,0,0,10,0,0,11,105,0,0,0,1,"Asia-Pacific","[2.47e+03,6.02e+03]","[2.47e+03,6.02e+03]",0,1,7.2628e+11,984163600000,1.82112e+12,239909791612.625,24.715946745392,8.15708378502887,27.3112014523489,27.6150579803416,28.2304728123612,26.2035288213515
"85","Turkmenistan","TKM",19,167,5,1.78,"170","Turkmenistan",170,41,47.36511506,32.4,5,29.6,95.3324,92.28315592,98.91645565,30,20,74.84936918,80,0,10,0,10,8,17.4,16.188,5900000,8.86e+10,6.5,10.6,16444.5,10,5.5,4258800000,23.3,3.05327498912812,0.425509989261627,0.823880016803741,32,99.9380493164063,99.7912292480469,67.956,30.910314889694,64.8121886868414,4.27749642346457,6,40,11,0,42,0,0,93,48,0,0,2,4,"Asia-Pacific","(1.11e+04,2.43e+04]","(1.11e+04,2.43e+04]",0,1,1.54164e+12,1434256800000,2.06438e+12,270520164036.751,25.2073976945574,9.7077463537827,28.0638679007779,27.9916679215711,28.3558510551291,26.3236124760287
